source_id,request_id,url,source_type,title,publisher,retrieval_date,quality_score,relevance_score
src-00001,req-0182,https://gov.example/research/healthcare-technology/00001,news,Healthcare Technology: Pricing & Demand update for India,Regulatory authority,2026-05-06,84,86
src-00002,req-0266,https://news.example/research/logistics/00002,regulatory,Logistics: Customer Behavior update for Europe,Investor presentation,2026-06-25,70,98
src-00003,req-0417,https://news.example/research/generative-ai/00003,news,Generative AI: Working Capital update for United States,Investor presentation,2025-05-01,97,70
src-00004,req-0478,https://research.example/research/fintech/00004,company source,FinTech: Risk & Exposure update for United States,Company newsroom,2026-03-12,82,86
src-00005,req-0039,https://industry.example/research/semiconductors/00005,government,Semiconductors: Pricing & Demand update for Europe,Regulatory authority,2026-05-17,64,79
src-00006,req-0361,https://industry.example/research/consumer-goods/00006,government,Consumer Goods: Market Size update for United States,Company newsroom,2026-06-21,69,88
src-00007,req-0276,https://company.example/research/e-commerce/00007,government,E-commerce: Product Launches update for Southeast Asia,Trade publication,2024-05-22,75,77
src-00008,req-0077,https://industry.example/research/automotive/00008,news,Automotive: Partnerships update for Southeast Asia,Market data provider,2025-08-29,97,91
src-00009,req-0161,https://company.example/research/cloud-computing/00009,industry source,Cloud Computing: Operational Efficiency update for United States,Financial press,2026-01-17,79,96
src-00010,req-0007,https://company.example/research/healthcare-technology/00010,company source,Healthcare Technology: Market Growth update for Japan,Investor presentation,2026-06-11,69,90
src-00011,req-0316,https://news.example/research/consumer-goods/00011,research report,Consumer Goods: Pricing & Demand update for Middle East,Market data provider,2024-08-23,63,87
src-00012,req-0047,https://gov.example/research/banking/00012,regulatory,Banking: Technology Adoption update for Southeast Asia,Investor presentation,2024-11-14,83,88
src-00013,req-0401,https://company.example/research/cloud-computing/00013,news,Cloud Computing: Risk & Exposure update for Australia,Market data provider,2025-02-24,64,68
src-00014,req-0302,https://company.example/research/semiconductors/00014,industry source,Semiconductors: Working Capital update for United Kingdom,Trade publication,2025-10-21,89,81
src-00015,req-0419,https://company.example/research/cybersecurity/00015,government,Cybersecurity: Risk & Exposure update for Europe,Industry association,2025-05-12,99,99
src-00016,req-0441,https://company.example/research/semiconductors/00016,government,Semiconductors: Value Leakage update for India,Trade publication,2024-01-11,70,81
src-00017,req-0293,https://company.example/research/e-commerce/00017,research report,E-commerce: Customer Behavior update for Southeast Asia,Company newsroom,2025-07-29,90,65
src-00018,req-0463,https://company.example/research/automotive/00018,company source,Automotive: Risk & Exposure update for India,Regulatory authority,2026-01-21,75,62
src-00019,req-0390,https://industry.example/research/semiconductors/00019,industry source,Semiconductors: Market Growth update for Middle East,Market data provider,2025-03-19,93,89
src-00020,req-0186,https://gov.example/research/automotive/00020,research report,Automotive: Working Capital update for India,Government statistics,2025-02-16,83,87
src-00021,req-0050,https://news.example/research/automotive/00021,company source,Automotive: Risk & Exposure update for United Kingdom,Investor presentation,2026-08-25,85,64
src-00022,req-0184,https://company.example/research/industrial-automation/00022,industry source,Industrial Automation: Pricing & Demand update for Canada,Company filing,2025-03-23,81,94
src-00023,req-0357,https://regulator.example/research/consumer-goods/00023,research report,Consumer Goods: Customer Behavior update for Canada,Company newsroom,2024-12-16,63,83
src-00024,req-0277,https://gov.example/research/fintech/00024,industry source,FinTech: Market Growth update for Japan,Company newsroom,2026-04-11,67,79
src-00025,req-0381,https://research.example/research/e-commerce/00025,research report,E-commerce: Supply Chain update for United States,Trade publication,2024-02-05,70,90
src-00026,req-0166,https://industry.example/research/e-commerce/00026,news,E-commerce: Technology Adoption update for India,Regulatory authority,2026-01-27,99,87
src-00027,req-0321,https://company.example/research/generative-ai/00027,government,Generative AI: Competitor Movement update for Canada,Financial press,2024-10-27,82,91
src-00028,req-0351,https://news.example/research/industrial-automation/00028,news,Industrial Automation: Customer Behavior update for United States,Industry association,2024-04-13,71,92
src-00029,req-0157,https://research.example/research/e-commerce/00029,industry source,E-commerce: Regulation update for Canada,Research publication,2025-03-05,70,68
src-00030,req-0011,https://company.example/research/renewable-energy/00030,company source,Renewable Energy: Technology Adoption update for Global,Market data provider,2024-02-07,70,78
src-00031,req-0119,https://industry.example/research/automotive/00031,regulatory,Automotive: Partnerships update for Southeast Asia,Market data provider,2024-02-27,73,97
src-00032,req-0198,https://research.example/research/consumer-goods/00032,government,Consumer Goods: Technology Adoption update for Japan,Research publication,2025-11-16,95,76
src-00033,req-0237,https://gov.example/research/automotive/00033,news,Automotive: Market Growth update for United Kingdom,Investor presentation,2026-03-31,66,92
src-00034,req-0293,https://industry.example/research/e-commerce/00034,government,E-commerce: Customer Behavior update for Southeast Asia,Research publication,2026-03-16,83,90
src-00035,req-0004,https://company.example/research/cloud-computing/00035,research report,Cloud Computing: Value Leakage update for United States,Government statistics,2025-03-12,86,98
src-00036,req-0435,https://news.example/research/semiconductors/00036,industry source,Semiconductors: Regulation update for India,Regulatory authority,2024-09-02,88,82
src-00037,req-0281,https://news.example/research/cybersecurity/00037,industry source,Cybersecurity: Product Launches update for Middle East,Company filing,2025-07-04,82,76
src-00038,req-0254,https://company.example/research/telecom/00038,regulatory,Telecom: Technology Adoption update for Canada,Regulatory authority,2024-12-09,67,57
src-00039,req-0365,https://research.example/research/cybersecurity/00039,industry source,Cybersecurity: Customer Behavior update for Australia,Company newsroom,2025-02-08,94,63
src-00040,req-0442,https://regulator.example/research/healthcare-technology/00040,news,Healthcare Technology: Product Launches update for India,Research publication,2025-07-16,62,70
src-00041,req-0120,https://research.example/research/e-commerce/00041,regulatory,E-commerce: Competitor Movement update for Japan,Company filing,2024-08-05,80,81
src-00042,req-0007,https://regulator.example/research/healthcare-technology/00042,regulatory,Healthcare Technology: Competitor Movement update for Japan,Regulatory authority,2025-09-15,96,81
src-00043,req-0414,https://industry.example/research/automotive/00043,industry source,Automotive: Supply Chain update for Middle East,Regulatory authority,2025-11-28,64,56
src-00044,req-0306,https://company.example/research/consumer-goods/00044,government,Consumer Goods: Customer Behavior update for Southeast Asia,Investor presentation,2025-07-28,91,85
src-00045,req-0309,https://gov.example/research/logistics/00045,regulatory,Logistics: Product Launches update for Southeast Asia,Company newsroom,2024-10-05,78,85
src-00046,req-0129,https://regulator.example/research/banking/00046,company source,Banking: Regulation update for Southeast Asia,Market data provider,2026-07-13,86,74
src-00047,req-0210,https://gov.example/research/banking/00047,company source,Banking: Market Size update for Middle East,Industry association,2024-06-06,67,98
src-00048,req-0268,https://industry.example/research/electric-vehicles/00048,news,Electric Vehicles: Market Growth update for India,Company filing,2024-09-20,66,75
src-00049,req-0426,https://news.example/research/fintech/00049,regulatory,FinTech: Market Size update for India,Market data provider,2025-05-31,75,77
src-00050,req-0365,https://industry.example/research/cybersecurity/00050,regulatory,Cybersecurity: Regulation update for Australia,Company filing,2024-04-08,96,88
src-00051,req-0198,https://company.example/research/consumer-goods/00051,government,Consumer Goods: Value Leakage update for Japan,Financial press,2024-10-02,81,90
src-00052,req-0039,https://research.example/research/semiconductors/00052,regulatory,Semiconductors: Investment Trends update for Europe,Company newsroom,2024-07-12,67,64
src-00053,req-0425,https://company.example/research/renewable-energy/00053,news,Renewable Energy: Customer Behavior update for United Kingdom,Industry association,2024-06-26,81,63
src-00054,req-0191,https://regulator.example/research/banking/00054,company source,Banking: Market Size update for Japan,Industry association,2024-06-10,95,84
src-00055,req-0195,https://gov.example/research/cloud-computing/00055,regulatory,Cloud Computing: Investment Trends update for Global,Financial press,2025-07-07,64,78
src-00056,req-0359,https://industry.example/research/telecom/00056,news,Telecom: Product Launches update for United Kingdom,Government statistics,2024-01-07,82,94
src-00057,req-0455,https://regulator.example/research/telecom/00057,news,Telecom: Technology Adoption update for Global,Company newsroom,2026-03-05,70,79
src-00058,req-0397,https://news.example/research/semiconductors/00058,industry source,Semiconductors: Working Capital update for United States,Research publication,2024-01-28,92,73
src-00059,req-0284,https://regulator.example/research/telecom/00059,news,Telecom: Investment Trends update for United Kingdom,Trade publication,2026-05-08,90,80
src-00060,req-0115,https://industry.example/research/generative-ai/00060,regulatory,Generative AI: Regulation update for United States,Industry association,2025-08-05,87,84
src-00061,req-0279,https://industry.example/research/fintech/00061,industry source,FinTech: Partnerships update for United States,Research publication,2024-10-20,71,71
src-00062,req-0128,https://industry.example/research/semiconductors/00062,industry source,Semiconductors: Partnerships update for United States,Regulatory authority,2025-03-31,90,82
src-00063,req-0202,https://news.example/research/fintech/00063,company source,FinTech: Value Leakage update for Global,Industry association,2024-07-08,77,94
src-00064,req-0258,https://industry.example/research/electric-vehicles/00064,government,Electric Vehicles: Pricing & Demand update for Europe,Financial press,2026-07-31,85,77
src-00065,req-0392,https://research.example/research/healthcare-technology/00065,research report,Healthcare Technology: Working Capital update for United Kingdom,Financial press,2026-02-28,63,77
src-00066,req-0192,https://industry.example/research/automotive/00066,research report,Automotive: Working Capital update for Global,Research publication,2025-01-25,97,83
src-00067,req-0348,https://news.example/research/telecom/00067,company source,Telecom: Competitor Movement update for Europe,Market data provider,2025-09-03,91,97
src-00068,req-0440,https://company.example/research/generative-ai/00068,news,Generative AI: Technology Adoption update for Global,Company filing,2025-11-21,91,59
src-00069,req-0151,https://regulator.example/research/industrial-automation/00069,industry source,Industrial Automation: Risk & Exposure update for Canada,Trade publication,2025-12-03,77,74
src-00070,req-0472,https://regulator.example/research/automotive/00070,regulatory,Automotive: Operational Efficiency update for Europe,Regulatory authority,2025-03-21,91,62
src-00071,req-0270,https://gov.example/research/banking/00071,news,Banking: Supply Chain update for Southeast Asia,Investor presentation,2024-03-26,93,83
src-00072,req-0475,https://company.example/research/cloud-computing/00072,news,Cloud Computing: Working Capital update for Middle East,Regulatory authority,2026-01-13,68,91
src-00073,req-0488,https://regulator.example/research/consumer-goods/00073,research report,Consumer Goods: Regulation update for United States,Government statistics,2026-08-04,79,92
src-00074,req-0089,https://company.example/research/healthcare-technology/00074,company source,Healthcare Technology: Value Leakage update for Global,Company newsroom,2025-06-02,63,65
src-00075,req-0288,https://news.example/research/generative-ai/00075,industry source,Generative AI: Investment Trends update for India,Company newsroom,2024-01-13,94,82
src-00076,req-0360,https://industry.example/research/cybersecurity/00076,government,Cybersecurity: Regulation update for Global,Research publication,2026-02-07,75,56
src-00077,req-0242,https://industry.example/research/industrial-automation/00077,research report,Industrial Automation: Customer Behavior update for Canada,Government statistics,2025-04-25,88,62
src-00078,req-0357,https://gov.example/research/consumer-goods/00078,research report,Consumer Goods: Market Size update for Canada,Company newsroom,2024-12-31,86,75
src-00079,req-0072,https://industry.example/research/renewable-energy/00079,research report,Renewable Energy: Market Growth update for Japan,Regulatory authority,2025-09-20,70,88
src-00080,req-0353,https://regulator.example/research/healthcare-technology/00080,company source,Healthcare Technology: Market Growth update for Southeast Asia,Industry association,2025-07-28,76,73
src-00081,req-0389,https://company.example/research/semiconductors/00081,industry source,Semiconductors: Customer Behavior update for Southeast Asia,Trade publication,2025-09-21,92,90
src-00082,req-0297,https://research.example/research/banking/00082,news,Banking: Market Growth update for Australia,Company newsroom,2024-09-10,98,84
src-00083,req-0258,https://research.example/research/electric-vehicles/00083,regulatory,Electric Vehicles: Competitor Movement update for Europe,Research publication,2026-01-09,89,77
src-00084,req-0098,https://gov.example/research/semiconductors/00084,company source,Semiconductors: Risk & Exposure update for United Kingdom,Market data provider,2026-02-14,89,57
src-00085,req-0157,https://regulator.example/research/e-commerce/00085,news,E-commerce: Customer Behavior update for Canada,Market data provider,2025-12-24,89,56
src-00086,req-0176,https://industry.example/research/generative-ai/00086,industry source,Generative AI: Regulation update for Southeast Asia,Regulatory authority,2026-04-28,70,91
src-00087,req-0361,https://industry.example/research/consumer-goods/00087,industry source,Consumer Goods: Product Launches update for United States,Research publication,2025-04-21,77,99
src-00088,req-0196,https://industry.example/research/healthcare-technology/00088,government,Healthcare Technology: Customer Behavior update for Southeast Asia,Government statistics,2024-12-24,82,58
src-00089,req-0377,https://research.example/research/e-commerce/00089,news,E-commerce: Investment Trends update for Canada,Trade publication,2024-03-13,83,62
src-00090,req-0405,https://company.example/research/automotive/00090,regulatory,Automotive: Supply Chain update for United States,Company newsroom,2024-08-04,97,68
src-00091,req-0283,https://news.example/research/electric-vehicles/00091,company source,Electric Vehicles: Supply Chain update for Australia,Research publication,2025-01-14,99,99
src-00092,req-0142,https://regulator.example/research/healthcare-technology/00092,industry source,Healthcare Technology: Investment Trends update for United States,Financial press,2025-01-27,98,72
src-00093,req-0427,https://news.example/research/cloud-computing/00093,regulatory,Cloud Computing: Partnerships update for Southeast Asia,Company filing,2024-10-19,89,65
src-00094,req-0131,https://news.example/research/banking/00094,company source,Banking: Market Growth update for Global,Market data provider,2025-05-10,93,86
src-00095,req-0382,https://gov.example/research/renewable-energy/00095,company source,Renewable Energy: Supply Chain update for Middle East,Company filing,2025-09-04,67,71
src-00096,req-0243,https://gov.example/research/healthcare-technology/00096,industry source,Healthcare Technology: Investment Trends update for United States,Investor presentation,2025-12-21,79,63
src-00097,req-0144,https://news.example/research/industrial-automation/00097,industry source,Industrial Automation: Market Size update for India,Industry association,2025-09-23,96,69
src-00098,req-0236,https://news.example/research/cloud-computing/00098,research report,Cloud Computing: Regulation update for Japan,Research publication,2024-04-18,62,85
src-00099,req-0442,https://news.example/research/healthcare-technology/00099,research report,Healthcare Technology: Partnerships update for India,Financial press,2024-09-26,97,86
src-00100,req-0500,https://regulator.example/research/telecom/00100,regulatory,Telecom: Technology Adoption update for United Kingdom,Trade publication,2024-10-06,83,75
src-00101,req-0200,https://gov.example/research/industrial-automation/00101,government,Industrial Automation: Regulation update for Australia,Regulatory authority,2024-07-13,68,80
src-00102,req-0394,https://news.example/research/industrial-automation/00102,company source,Industrial Automation: Risk & Exposure update for Japan,Government statistics,2026-03-24,65,77
src-00103,req-0327,https://gov.example/research/cybersecurity/00103,government,Cybersecurity: Pricing & Demand update for India,Industry association,2024-12-25,71,72
src-00104,req-0490,https://regulator.example/research/automotive/00104,news,Automotive: Market Size update for India,Government statistics,2024-01-10,78,80
src-00105,req-0013,https://industry.example/research/cloud-computing/00105,news,Cloud Computing: Regulation update for Global,Trade publication,2025-04-07,95,87
src-00106,req-0214,https://regulator.example/research/logistics/00106,government,Logistics: Competitor Movement update for Middle East,Government statistics,2024-06-26,84,85
src-00107,req-0132,https://research.example/research/automotive/00107,government,Automotive: Working Capital update for Europe,Research publication,2024-02-23,83,96
src-00108,req-0177,https://industry.example/research/e-commerce/00108,government,E-commerce: Regulation update for Global,Research publication,2026-01-03,93,60
src-00109,req-0360,https://company.example/research/cybersecurity/00109,government,Cybersecurity: Working Capital update for Global,Company filing,2025-07-20,69,56
src-00110,req-0374,https://industry.example/research/logistics/00110,research report,Logistics: Competitor Movement update for Middle East,Company newsroom,2024-02-25,78,99
src-00111,req-0072,https://regulator.example/research/renewable-energy/00111,company source,Renewable Energy: Product Launches update for Japan,Company filing,2025-02-05,81,67
src-00112,req-0444,https://gov.example/research/fintech/00112,company source,FinTech: Investment Trends update for Canada,Research publication,2025-05-24,88,93
src-00113,req-0260,https://industry.example/research/cloud-computing/00113,regulatory,Cloud Computing: Market Size update for United States,Industry association,2024-11-28,83,79
src-00114,req-0263,https://regulator.example/research/logistics/00114,government,Logistics: Customer Behavior update for Europe,Trade publication,2025-07-01,99,60
src-00115,req-0088,https://company.example/research/cloud-computing/00115,company source,Cloud Computing: Product Launches update for Canada,Government statistics,2026-03-24,69,56
src-00116,req-0142,https://gov.example/research/healthcare-technology/00116,government,Healthcare Technology: Regulation update for United States,Company newsroom,2025-10-02,89,66
src-00117,req-0065,https://news.example/research/automotive/00117,government,Automotive: Risk & Exposure update for Global,Company newsroom,2026-06-15,62,96
src-00118,req-0314,https://industry.example/research/e-commerce/00118,regulatory,E-commerce: Pricing & Demand update for Global,Industry association,2025-09-04,99,75
src-00119,req-0253,https://news.example/research/fintech/00119,regulatory,FinTech: Product Launches update for Southeast Asia,Company filing,2024-03-18,70,57
src-00120,req-0038,https://industry.example/research/renewable-energy/00120,research report,Renewable Energy: Customer Behavior update for Europe,Trade publication,2025-01-29,80,68
src-00121,req-0483,https://gov.example/research/automotive/00121,industry source,Automotive: Value Leakage update for Southeast Asia,Company filing,2026-06-07,67,66
src-00122,req-0393,https://research.example/research/generative-ai/00122,company source,Generative AI: Market Growth update for Europe,Research publication,2024-05-26,62,56
src-00123,req-0221,https://industry.example/research/telecom/00123,government,Telecom: Technology Adoption update for United Kingdom,Company newsroom,2024-04-16,67,56
src-00124,req-0090,https://industry.example/research/renewable-energy/00124,research report,Renewable Energy: Investment Trends update for United States,Financial press,2025-01-12,73,79
src-00125,req-0223,https://gov.example/research/cybersecurity/00125,news,Cybersecurity: Regulation update for United Kingdom,Market data provider,2024-05-16,83,88
src-00126,req-0291,https://research.example/research/telecom/00126,company source,Telecom: Market Size update for Japan,Company filing,2025-07-31,67,89
src-00127,req-0326,https://research.example/research/cybersecurity/00127,research report,Cybersecurity: Operational Efficiency update for Australia,Financial press,2024-02-20,69,74
src-00128,req-0231,https://company.example/research/consumer-goods/00128,company source,Consumer Goods: Technology Adoption update for Global,Research publication,2024-12-14,75,66
src-00129,req-0063,https://company.example/research/consumer-goods/00129,industry source,Consumer Goods: Value Leakage update for India,Industry association,2026-02-01,69,55
src-00130,req-0011,https://company.example/research/renewable-energy/00130,research report,Renewable Energy: Supply Chain update for Global,Company filing,2025-09-26,76,96
src-00131,req-0135,https://research.example/research/fintech/00131,government,FinTech: Regulation update for United States,Government statistics,2026-05-15,67,84
src-00132,req-0234,https://regulator.example/research/semiconductors/00132,research report,Semiconductors: Competitor Movement update for Canada,Financial press,2025-06-14,90,61
src-00133,req-0329,https://regulator.example/research/healthcare-technology/00133,company source,Healthcare Technology: Technology Adoption update for Europe,Company filing,2025-08-05,71,95
src-00134,req-0207,https://research.example/research/semiconductors/00134,government,Semiconductors: Regulation update for Europe,Company newsroom,2025-08-09,91,65
src-00135,req-0428,https://regulator.example/research/automotive/00135,company source,Automotive: Pricing & Demand update for Japan,Financial press,2025-06-16,68,68
src-00136,req-0012,https://news.example/research/electric-vehicles/00136,government,Electric Vehicles: Market Size update for Australia,Company newsroom,2025-07-04,66,57
src-00137,req-0175,https://research.example/research/generative-ai/00137,regulatory,Generative AI: Competitor Movement update for United Kingdom,Regulatory authority,2024-12-03,82,88
src-00138,req-0403,https://research.example/research/cybersecurity/00138,government,Cybersecurity: Regulation update for Japan,Industry association,2026-07-18,70,56
src-00139,req-0493,https://industry.example/research/fintech/00139,regulatory,FinTech: Supply Chain update for Middle East,Investor presentation,2024-02-18,84,96
src-00140,req-0366,https://news.example/research/banking/00140,news,Banking: Competitor Movement update for Japan,Trade publication,2025-03-25,87,65
src-00141,req-0334,https://gov.example/research/renewable-energy/00141,regulatory,Renewable Energy: Technology Adoption update for Middle East,Industry association,2026-01-14,69,67
src-00142,req-0158,https://news.example/research/industrial-automation/00142,regulatory,Industrial Automation: Market Growth update for Southeast Asia,Research publication,2024-06-14,98,61
src-00143,req-0341,https://gov.example/research/telecom/00143,government,Telecom: Product Launches update for Japan,Financial press,2024-05-12,76,61
src-00144,req-0224,https://regulator.example/research/e-commerce/00144,industry source,E-commerce: Investment Trends update for Canada,Company filing,2026-08-22,98,96
src-00145,req-0230,https://gov.example/research/electric-vehicles/00145,company source,Electric Vehicles: Technology Adoption update for United States,Investor presentation,2025-06-17,63,80
src-00146,req-0293,https://company.example/research/e-commerce/00146,government,E-commerce: Working Capital update for Southeast Asia,Government statistics,2025-11-04,88,93
src-00147,req-0406,https://regulator.example/research/logistics/00147,company source,Logistics: Product Launches update for India,Company newsroom,2026-02-16,73,68
src-00148,req-0165,https://company.example/research/semiconductors/00148,government,Semiconductors: Customer Behavior update for Australia,Investor presentation,2024-10-10,79,87
src-00149,req-0043,https://news.example/research/generative-ai/00149,regulatory,Generative AI: Partnerships update for Europe,Market data provider,2025-12-14,81,68
src-00150,req-0234,https://gov.example/research/semiconductors/00150,industry source,Semiconductors: Market Size update for Canada,Regulatory authority,2026-05-19,85,79
src-00151,req-0336,https://research.example/research/generative-ai/00151,regulatory,Generative AI: Partnerships update for Global,Company filing,2025-08-19,99,79
src-00152,req-0500,https://regulator.example/research/telecom/00152,government,Telecom: Risk & Exposure update for United Kingdom,Research publication,2025-06-16,79,70
src-00153,req-0500,https://gov.example/research/telecom/00153,industry source,Telecom: Market Size update for United Kingdom,Government statistics,2025-04-22,76,95
src-00154,req-0227,https://company.example/research/renewable-energy/00154,regulatory,Renewable Energy: Working Capital update for United States,Company filing,2025-09-15,90,89
src-00155,req-0356,https://regulator.example/research/cybersecurity/00155,regulatory,Cybersecurity: Competitor Movement update for Canada,Trade publication,2025-02-22,73,96
src-00156,req-0392,https://research.example/research/healthcare-technology/00156,government,Healthcare Technology: Product Launches update for United Kingdom,Investor presentation,2026-02-01,90,71
src-00157,req-0410,https://gov.example/research/telecom/00157,industry source,Telecom: Regulation update for India,Research publication,2025-11-24,64,76
src-00158,req-0441,https://research.example/research/semiconductors/00158,company source,Semiconductors: Working Capital update for India,Research publication,2026-04-30,75,92
src-00159,req-0103,https://company.example/research/healthcare-technology/00159,regulatory,Healthcare Technology: Regulation update for United States,Financial press,2026-02-11,79,95
src-00160,req-0480,https://news.example/research/fintech/00160,industry source,FinTech: Risk & Exposure update for United Kingdom,Trade publication,2024-02-25,85,87
src-00161,req-0372,https://regulator.example/research/semiconductors/00161,government,Semiconductors: Pricing & Demand update for Australia,Industry association,2026-06-13,62,96
src-00162,req-0488,https://gov.example/research/consumer-goods/00162,news,Consumer Goods: Market Growth update for United States,Investor presentation,2025-05-23,64,97
src-00163,req-0498,https://research.example/research/fintech/00163,industry source,FinTech: Working Capital update for Australia,Investor presentation,2026-08-23,88,82
src-00164,req-0107,https://gov.example/research/cloud-computing/00164,research report,Cloud Computing: Partnerships update for Japan,Regulatory authority,2024-09-23,88,84
src-00165,req-0212,https://news.example/research/banking/00165,research report,Banking: Customer Behavior update for Japan,Research publication,2025-06-08,88,62
src-00166,req-0031,https://gov.example/research/generative-ai/00166,regulatory,Generative AI: Partnerships update for Southeast Asia,Regulatory authority,2024-10-21,68,79
src-00167,req-0125,https://news.example/research/banking/00167,government,Banking: Regulation update for Japan,Company filing,2026-02-12,76,81
src-00168,req-0088,https://gov.example/research/cloud-computing/00168,government,Cloud Computing: Value Leakage update for Canada,Company filing,2024-08-09,96,81
src-00169,req-0112,https://news.example/research/electric-vehicles/00169,regulatory,Electric Vehicles: Competitor Movement update for Australia,Company newsroom,2024-02-29,85,57
src-00170,req-0454,https://news.example/research/cloud-computing/00170,research report,Cloud Computing: Supply Chain update for India,Investor presentation,2025-01-24,96,66
src-00171,req-0175,https://news.example/research/generative-ai/00171,research report,Generative AI: Technology Adoption update for United Kingdom,Trade publication,2025-10-25,93,96
src-00172,req-0194,https://regulator.example/research/cloud-computing/00172,government,Cloud Computing: Supply Chain update for India,Company filing,2024-04-07,75,95
src-00173,req-0091,https://news.example/research/generative-ai/00173,government,Generative AI: Product Launches update for Japan,Government statistics,2026-04-03,89,78
src-00174,req-0365,https://gov.example/research/cybersecurity/00174,government,Cybersecurity: Pricing & Demand update for Australia,Financial press,2025-09-10,66,58
src-00175,req-0129,https://gov.example/research/banking/00175,news,Banking: Operational Efficiency update for Southeast Asia,Company filing,2026-05-04,99,81
src-00176,req-0433,https://research.example/research/generative-ai/00176,research report,Generative AI: Operational Efficiency update for Southeast Asia,Trade publication,2024-04-07,81,66
src-00177,req-0373,https://industry.example/research/renewable-energy/00177,regulatory,Renewable Energy: Risk & Exposure update for Australia,Research publication,2025-08-28,88,78
src-00178,req-0384,https://gov.example/research/cybersecurity/00178,regulatory,Cybersecurity: Product Launches update for Canada,Regulatory authority,2024-10-14,92,70
src-00179,req-0464,https://company.example/research/automotive/00179,research report,Automotive: Value Leakage update for Japan,Company filing,2024-07-02,69,76
src-00180,req-0017,https://industry.example/research/logistics/00180,research report,Logistics: Technology Adoption update for Australia,Industry association,2025-05-21,94,74
src-00181,req-0004,https://industry.example/research/cloud-computing/00181,company source,Cloud Computing: Market Growth update for United States,Company filing,2026-05-10,91,80
src-00182,req-0225,https://gov.example/research/cybersecurity/00182,company source,Cybersecurity: Market Size update for India,Investor presentation,2024-09-02,84,95
src-00183,req-0357,https://company.example/research/consumer-goods/00183,news,Consumer Goods: Partnerships update for Canada,Industry association,2024-02-06,78,66
src-00184,req-0360,https://research.example/research/cybersecurity/00184,research report,Cybersecurity: Market Growth update for Global,Trade publication,2026-04-21,67,56
src-00185,req-0115,https://gov.example/research/generative-ai/00185,regulatory,Generative AI: Technology Adoption update for United States,Investor presentation,2024-10-31,93,65
src-00186,req-0396,https://regulator.example/research/e-commerce/00186,company source,E-commerce: Supply Chain update for Global,Industry association,2024-09-04,64,75
src-00187,req-0207,https://regulator.example/research/semiconductors/00187,government,Semiconductors: Regulation update for Europe,Industry association,2024-07-27,66,74
src-00188,req-0008,https://regulator.example/research/renewable-energy/00188,industry source,Renewable Energy: Product Launches update for Australia,Government statistics,2025-01-29,80,78
src-00189,req-0035,https://industry.example/research/logistics/00189,industry source,Logistics: Technology Adoption update for Europe,Government statistics,2024-01-02,66,74
src-00190,req-0042,https://regulator.example/research/cybersecurity/00190,government,Cybersecurity: Technology Adoption update for Canada,Company newsroom,2025-11-20,63,75
src-00191,req-0004,https://regulator.example/research/cloud-computing/00191,company source,Cloud Computing: Working Capital update for United States,Regulatory authority,2025-11-08,98,61
src-00192,req-0498,https://regulator.example/research/fintech/00192,research report,FinTech: Market Growth update for Australia,Company filing,2024-11-29,82,71
src-00193,req-0433,https://gov.example/research/generative-ai/00193,research report,Generative AI: Market Size update for Southeast Asia,Research publication,2025-08-16,80,63
src-00194,req-0021,https://company.example/research/telecom/00194,company source,Telecom: Operational Efficiency update for Australia,Government statistics,2025-05-15,86,98
src-00195,req-0215,https://news.example/research/industrial-automation/00195,regulatory,Industrial Automation: Customer Behavior update for Middle East,Industry association,2024-10-11,81,88
src-00196,req-0355,https://industry.example/research/logistics/00196,company source,Logistics: Technology Adoption update for Middle East,Research publication,2026-06-13,71,63
src-00197,req-0350,https://research.example/research/banking/00197,research report,Banking: Value Leakage update for Canada,Company newsroom,2026-01-26,78,78
src-00198,req-0215,https://regulator.example/research/industrial-automation/00198,industry source,Industrial Automation: Value Leakage update for Middle East,Trade publication,2024-01-07,89,77
src-00199,req-0499,https://news.example/research/automotive/00199,news,Automotive: Working Capital update for United States,Industry association,2025-10-01,64,95
src-00200,req-0037,https://gov.example/research/e-commerce/00200,industry source,E-commerce: Pricing & Demand update for Japan,Market data provider,2024-11-21,65,84
src-00201,req-0434,https://research.example/research/automotive/00201,news,Automotive: Investment Trends update for Canada,Research publication,2025-09-23,89,58
src-00202,req-0170,https://industry.example/research/semiconductors/00202,government,Semiconductors: Partnerships update for United Kingdom,Research publication,2024-03-16,64,56
src-00203,req-0347,https://news.example/research/e-commerce/00203,industry source,E-commerce: Regulation update for United States,Government statistics,2024-08-04,65,66
src-00204,req-0475,https://gov.example/research/cloud-computing/00204,regulatory,Cloud Computing: Pricing & Demand update for Middle East,Investor presentation,2024-10-29,86,87
src-00205,req-0017,https://gov.example/research/logistics/00205,regulatory,Logistics: Investment Trends update for Australia,Investor presentation,2025-02-21,99,94
src-00206,req-0297,https://news.example/research/banking/00206,industry source,Banking: Customer Behavior update for Australia,Industry association,2026-02-20,72,85
src-00207,req-0010,https://news.example/research/industrial-automation/00207,research report,Industrial Automation: Supply Chain update for Middle East,Regulatory authority,2024-12-31,62,57
src-00208,req-0367,https://regulator.example/research/banking/00208,news,Banking: Partnerships update for United States,Company newsroom,2026-03-20,94,87
src-00209,req-0386,https://gov.example/research/generative-ai/00209,news,Generative AI: Technology Adoption update for Global,Research publication,2026-07-11,98,61
src-00210,req-0477,https://news.example/research/electric-vehicles/00210,company source,Electric Vehicles: Customer Behavior update for United Kingdom,Industry association,2025-04-14,64,94
src-00211,req-0055,https://company.example/research/cloud-computing/00211,government,Cloud Computing: Operational Efficiency update for India,Trade publication,2025-08-07,66,80
src-00212,req-0459,https://company.example/research/industrial-automation/00212,company source,Industrial Automation: Competitor Movement update for United States,Industry association,2025-08-09,97,83
src-00213,req-0278,https://gov.example/research/automotive/00213,news,Automotive: Regulation update for Canada,Company newsroom,2026-05-10,76,80
src-00214,req-0158,https://news.example/research/industrial-automation/00214,research report,Industrial Automation: Market Size update for Southeast Asia,Research publication,2025-12-18,67,71
src-00215,req-0195,https://industry.example/research/cloud-computing/00215,government,Cloud Computing: Product Launches update for Global,Government statistics,2024-02-19,77,74
src-00216,req-0092,https://research.example/research/automotive/00216,industry source,Automotive: Working Capital update for India,Trade publication,2026-03-26,63,59
src-00217,req-0215,https://industry.example/research/industrial-automation/00217,company source,Industrial Automation: Risk & Exposure update for Middle East,Trade publication,2025-01-04,70,59
src-00218,req-0409,https://research.example/research/automotive/00218,regulatory,Automotive: Partnerships update for Canada,Financial press,2025-07-05,81,68
src-00219,req-0061,https://gov.example/research/electric-vehicles/00219,news,Electric Vehicles: Market Growth update for Middle East,Research publication,2024-01-29,92,55
src-00220,req-0126,https://regulator.example/research/e-commerce/00220,research report,E-commerce: Operational Efficiency update for Australia,Regulatory authority,2025-05-18,94,64
src-00221,req-0285,https://gov.example/research/logistics/00221,research report,Logistics: Value Leakage update for Global,Company filing,2024-05-09,75,93
src-00222,req-0311,https://gov.example/research/telecom/00222,research report,Telecom: Working Capital update for Middle East,Industry association,2025-03-13,65,71
src-00223,req-0047,https://company.example/research/banking/00223,news,Banking: Value Leakage update for Southeast Asia,Financial press,2025-07-29,69,83
src-00224,req-0147,https://research.example/research/cloud-computing/00224,news,Cloud Computing: Market Growth update for India,Company newsroom,2024-03-07,80,70
src-00225,req-0382,https://gov.example/research/renewable-energy/00225,news,Renewable Energy: Working Capital update for Middle East,Regulatory authority,2024-03-25,65,90
src-00226,req-0247,https://gov.example/research/cloud-computing/00226,government,Cloud Computing: Pricing & Demand update for Australia,Financial press,2025-04-28,63,64
src-00227,req-0207,https://regulator.example/research/semiconductors/00227,regulatory,Semiconductors: Operational Efficiency update for Europe,Company filing,2026-08-07,70,77
src-00228,req-0285,https://news.example/research/logistics/00228,company source,Logistics: Customer Behavior update for Global,Research publication,2025-06-11,95,77
src-00229,req-0161,https://industry.example/research/cloud-computing/00229,news,Cloud Computing: Customer Behavior update for United States,Investor presentation,2025-07-28,62,72
src-00230,req-0442,https://gov.example/research/healthcare-technology/00230,regulatory,Healthcare Technology: Technology Adoption update for India,Trade publication,2025-04-06,69,83
src-00231,req-0350,https://regulator.example/research/banking/00231,government,Banking: Market Size update for Canada,Government statistics,2025-12-29,74,85
src-00232,req-0205,https://industry.example/research/consumer-goods/00232,company source,Consumer Goods: Customer Behavior update for Global,Industry association,2024-07-20,84,88
src-00233,req-0182,https://company.example/research/healthcare-technology/00233,news,Healthcare Technology: Product Launches update for India,Market data provider,2024-11-15,85,89
src-00234,req-0052,https://industry.example/research/cloud-computing/00234,industry source,Cloud Computing: Product Launches update for United States,Research publication,2026-03-01,74,69
src-00235,req-0396,https://company.example/research/e-commerce/00235,news,E-commerce: Product Launches update for Global,Investor presentation,2025-11-08,63,74
src-00236,req-0234,https://gov.example/research/semiconductors/00236,government,Semiconductors: Risk & Exposure update for Canada,Company filing,2026-02-18,64,79
src-00237,req-0009,https://news.example/research/renewable-energy/00237,company source,Renewable Energy: Supply Chain update for Global,Company newsroom,2025-09-19,75,81
src-00238,req-0308,https://research.example/research/generative-ai/00238,research report,Generative AI: Competitor Movement update for India,Company filing,2024-11-25,80,72
src-00239,req-0335,https://news.example/research/cybersecurity/00239,research report,Cybersecurity: Product Launches update for India,Government statistics,2026-02-25,68,73
src-00240,req-0447,https://gov.example/research/cybersecurity/00240,research report,Cybersecurity: Risk & Exposure update for Australia,Company newsroom,2025-11-30,64,73
src-00241,req-0242,https://research.example/research/industrial-automation/00241,news,Industrial Automation: Investment Trends update for Canada,Market data provider,2024-05-15,79,76
src-00242,req-0408,https://regulator.example/research/consumer-goods/00242,company source,Consumer Goods: Supply Chain update for Europe,Company newsroom,2026-04-01,95,75
src-00243,req-0136,https://gov.example/research/automotive/00243,industry source,Automotive: Risk & Exposure update for Japan,Financial press,2024-11-16,97,73
src-00244,req-0266,https://news.example/research/logistics/00244,company source,Logistics: Regulation update for Europe,Trade publication,2024-06-06,94,69
src-00245,req-0137,https://news.example/research/healthcare-technology/00245,research report,Healthcare Technology: Investment Trends update for Canada,Investor presentation,2026-08-24,78,91
src-00246,req-0498,https://research.example/research/fintech/00246,news,FinTech: Investment Trends update for Australia,Company newsroom,2026-03-06,93,61
src-00247,req-0188,https://regulator.example/research/consumer-goods/00247,research report,Consumer Goods: Operational Efficiency update for United Kingdom,Regulatory authority,2024-10-01,69,69
src-00248,req-0415,https://gov.example/research/automotive/00248,regulatory,Automotive: Risk & Exposure update for Middle East,Company newsroom,2024-02-25,77,93
src-00249,req-0174,https://industry.example/research/healthcare-technology/00249,company source,Healthcare Technology: Technology Adoption update for India,Government statistics,2024-03-01,83,79
src-00250,req-0283,https://news.example/research/electric-vehicles/00250,research report,Electric Vehicles: Competitor Movement update for Australia,Research publication,2024-03-21,86,61
src-00251,req-0058,https://research.example/research/consumer-goods/00251,research report,Consumer Goods: Technology Adoption update for Global,Regulatory authority,2024-05-26,78,80
src-00252,req-0047,https://gov.example/research/banking/00252,regulatory,Banking: Working Capital update for Southeast Asia,Industry association,2026-01-24,87,55
src-00253,req-0209,https://research.example/research/consumer-goods/00253,industry source,Consumer Goods: Partnerships update for Australia,Industry association,2025-10-22,82,86
src-00254,req-0364,https://gov.example/research/cybersecurity/00254,news,Cybersecurity: Market Growth update for Japan,Industry association,2024-02-20,89,58
src-00255,req-0257,https://industry.example/research/industrial-automation/00255,news,Industrial Automation: Investment Trends update for Canada,Industry association,2025-01-13,76,79
src-00256,req-0263,https://research.example/research/logistics/00256,company source,Logistics: Working Capital update for Europe,Regulatory authority,2026-04-22,70,88
src-00257,req-0399,https://research.example/research/industrial-automation/00257,industry source,Industrial Automation: Technology Adoption update for Middle East,Company newsroom,2026-06-25,97,76
src-00258,req-0104,https://regulator.example/research/e-commerce/00258,industry source,E-commerce: Competitor Movement update for United States,Research publication,2024-03-27,65,55
src-00259,req-0235,https://industry.example/research/healthcare-technology/00259,news,Healthcare Technology: Regulation update for Middle East,Regulatory authority,2026-01-08,75,88
src-00260,req-0335,https://regulator.example/research/cybersecurity/00260,research report,Cybersecurity: Partnerships update for India,Company newsroom,2025-08-04,74,99
src-00261,req-0259,https://regulator.example/research/automotive/00261,research report,Automotive: Regulation update for United Kingdom,Research publication,2024-01-03,84,62
src-00262,req-0328,https://regulator.example/research/logistics/00262,company source,Logistics: Risk & Exposure update for India,Company newsroom,2024-07-30,76,73
src-00263,req-0177,https://industry.example/research/e-commerce/00263,research report,E-commerce: Partnerships update for Global,Company newsroom,2024-11-04,62,55
src-00264,req-0182,https://research.example/research/healthcare-technology/00264,regulatory,Healthcare Technology: Partnerships update for India,Regulatory authority,2024-09-05,94,58
src-00265,req-0166,https://gov.example/research/e-commerce/00265,industry source,E-commerce: Value Leakage update for India,Market data provider,2025-03-04,98,98
src-00266,req-0137,https://industry.example/research/healthcare-technology/00266,industry source,Healthcare Technology: Customer Behavior update for Canada,Market data provider,2025-09-07,65,76
src-00267,req-0318,https://industry.example/research/consumer-goods/00267,government,Consumer Goods: Investment Trends update for United Kingdom,Financial press,2024-08-01,75,80
src-00268,req-0471,https://industry.example/research/semiconductors/00268,research report,Semiconductors: Customer Behavior update for Europe,Trade publication,2024-10-29,76,88
src-00269,req-0445,https://news.example/research/e-commerce/00269,news,E-commerce: Working Capital update for Southeast Asia,Government statistics,2025-09-10,64,64
src-00270,req-0127,https://research.example/research/generative-ai/00270,news,Generative AI: Market Growth update for India,Investor presentation,2024-02-18,62,68
src-00271,req-0021,https://research.example/research/telecom/00271,research report,Telecom: Risk & Exposure update for Australia,Regulatory authority,2024-04-13,89,81
src-00272,req-0455,https://company.example/research/telecom/00272,government,Telecom: Value Leakage update for Global,Investor presentation,2024-03-29,98,98
src-00273,req-0223,https://gov.example/research/cybersecurity/00273,company source,Cybersecurity: Technology Adoption update for United Kingdom,Company filing,2025-03-04,66,85
src-00274,req-0157,https://research.example/research/e-commerce/00274,news,E-commerce: Pricing & Demand update for Canada,Trade publication,2024-05-25,63,79
src-00275,req-0285,https://company.example/research/logistics/00275,company source,Logistics: Product Launches update for Global,Government statistics,2026-03-31,81,68
src-00276,req-0458,https://news.example/research/generative-ai/00276,news,Generative AI: Value Leakage update for Middle East,Government statistics,2025-03-27,92,58
src-00277,req-0429,https://company.example/research/banking/00277,news,Banking: Regulation update for Japan,Research publication,2025-07-17,70,83
src-00278,req-0180,https://research.example/research/fintech/00278,government,FinTech: Partnerships update for Canada,Company filing,2025-10-07,69,74
src-00279,req-0266,https://company.example/research/logistics/00279,regulatory,Logistics: Product Launches update for Europe,Research publication,2024-10-24,78,71
src-00280,req-0172,https://research.example/research/electric-vehicles/00280,regulatory,Electric Vehicles: Working Capital update for United States,Financial press,2026-01-21,87,98
src-00281,req-0354,https://news.example/research/healthcare-technology/00281,research report,Healthcare Technology: Partnerships update for Europe,Financial press,2026-04-06,64,80
src-00282,req-0285,https://gov.example/research/logistics/00282,news,Logistics: Regulation update for Global,Trade publication,2026-01-19,88,56
src-00283,req-0031,https://gov.example/research/generative-ai/00283,government,Generative AI: Technology Adoption update for Southeast Asia,Regulatory authority,2024-07-12,97,79
src-00284,req-0209,https://company.example/research/consumer-goods/00284,government,Consumer Goods: Product Launches update for Australia,Market data provider,2026-06-03,67,80
src-00285,req-0299,https://gov.example/research/consumer-goods/00285,regulatory,Consumer Goods: Product Launches update for Middle East,Company filing,2024-11-11,62,72
src-00286,req-0445,https://company.example/research/e-commerce/00286,research report,E-commerce: Value Leakage update for Southeast Asia,Government statistics,2026-02-20,66,82
src-00287,req-0321,https://industry.example/research/generative-ai/00287,government,Generative AI: Product Launches update for Canada,Research publication,2025-05-25,75,76
src-00288,req-0468,https://regulator.example/research/e-commerce/00288,regulatory,E-commerce: Regulation update for Southeast Asia,Company newsroom,2025-01-27,83,92
src-00289,req-0430,https://news.example/research/fintech/00289,research report,FinTech: Competitor Movement update for Japan,Government statistics,2025-02-16,62,97
src-00290,req-0140,https://industry.example/research/renewable-energy/00290,regulatory,Renewable Energy: Market Growth update for Australia,Market data provider,2024-02-22,76,79
src-00291,req-0225,https://news.example/research/cybersecurity/00291,regulatory,Cybersecurity: Competitor Movement update for India,Trade publication,2024-04-21,83,65
src-00292,req-0234,https://industry.example/research/semiconductors/00292,news,Semiconductors: Product Launches update for Canada,Company newsroom,2025-06-03,77,65
src-00293,req-0265,https://gov.example/research/semiconductors/00293,company source,Semiconductors: Market Size update for Global,Industry association,2024-08-13,84,70
src-00294,req-0416,https://gov.example/research/fintech/00294,research report,FinTech: Risk & Exposure update for Europe,Company newsroom,2025-02-28,82,73
src-00295,req-0178,https://research.example/research/cloud-computing/00295,research report,Cloud Computing: Supply Chain update for United Kingdom,Market data provider,2025-03-03,96,86
src-00296,req-0361,https://industry.example/research/consumer-goods/00296,company source,Consumer Goods: Operational Efficiency update for United States,Industry association,2024-09-18,70,84
src-00297,req-0395,https://company.example/research/semiconductors/00297,regulatory,Semiconductors: Competitor Movement update for Canada,Industry association,2026-01-24,70,78
src-00298,req-0218,https://regulator.example/research/healthcare-technology/00298,industry source,Healthcare Technology: Partnerships update for Global,Regulatory authority,2026-06-05,90,59
src-00299,req-0286,https://research.example/research/e-commerce/00299,news,E-commerce: Operational Efficiency update for Europe,Industry association,2026-08-22,87,70
src-00300,req-0456,https://gov.example/research/cloud-computing/00300,government,Cloud Computing: Investment Trends update for India,Research publication,2025-01-12,63,77
src-00301,req-0122,https://company.example/research/fintech/00301,news,FinTech: Customer Behavior update for Global,Trade publication,2024-06-23,95,96
src-00302,req-0282,https://industry.example/research/cloud-computing/00302,industry source,Cloud Computing: Investment Trends update for India,Financial press,2026-01-10,86,98
src-00303,req-0069,https://company.example/research/cybersecurity/00303,company source,Cybersecurity: Investment Trends update for Japan,Investor presentation,2026-05-10,68,95
src-00304,req-0114,https://news.example/research/automotive/00304,research report,Automotive: Supply Chain update for India,Regulatory authority,2025-11-06,64,65
src-00305,req-0175,https://industry.example/research/generative-ai/00305,news,Generative AI: Operational Efficiency update for United Kingdom,Government statistics,2026-01-14,63,73
src-00306,req-0070,https://gov.example/research/semiconductors/00306,research report,Semiconductors: Pricing & Demand update for Canada,Research publication,2025-02-16,73,86
src-00307,req-0371,https://company.example/research/healthcare-technology/00307,news,Healthcare Technology: Product Launches update for United Kingdom,Market data provider,2024-05-08,76,73
src-00308,req-0175,https://gov.example/research/generative-ai/00308,news,Generative AI: Operational Efficiency update for United Kingdom,Industry association,2024-05-27,79,81
src-00309,req-0166,https://research.example/research/e-commerce/00309,company source,E-commerce: Investment Trends update for India,Research publication,2026-06-22,95,91
src-00310,req-0368,https://regulator.example/research/renewable-energy/00310,industry source,Renewable Energy: Operational Efficiency update for Europe,Industry association,2024-07-31,97,64
src-00311,req-0202,https://news.example/research/fintech/00311,industry source,FinTech: Partnerships update for Global,Company newsroom,2024-01-21,82,73
src-00312,req-0082,https://news.example/research/industrial-automation/00312,industry source,Industrial Automation: Regulation update for Canada,Investor presentation,2024-09-23,82,86
src-00313,req-0467,https://gov.example/research/automotive/00313,regulatory,Automotive: Customer Behavior update for United States,Market data provider,2025-11-11,90,88
src-00314,req-0320,https://industry.example/research/telecom/00314,company source,Telecom: Product Launches update for United Kingdom,Trade publication,2025-05-24,89,64
src-00315,req-0370,https://regulator.example/research/telecom/00315,company source,Telecom: Value Leakage update for India,Company filing,2025-03-10,81,85
src-00316,req-0215,https://company.example/research/industrial-automation/00316,company source,Industrial Automation: Pricing & Demand update for Middle East,Financial press,2025-12-04,98,93
src-00317,req-0253,https://company.example/research/fintech/00317,industry source,FinTech: Working Capital update for Southeast Asia,Market data provider,2025-05-31,77,70
src-00318,req-0432,https://regulator.example/research/fintech/00318,regulatory,FinTech: Value Leakage update for Europe,Research publication,2025-07-31,83,61
src-00319,req-0195,https://regulator.example/research/cloud-computing/00319,research report,Cloud Computing: Market Growth update for Global,Company newsroom,2026-08-05,73,68
src-00320,req-0424,https://gov.example/research/renewable-energy/00320,news,Renewable Energy: Competitor Movement update for United States,Trade publication,2026-03-31,98,86
src-00321,req-0207,https://news.example/research/semiconductors/00321,company source,Semiconductors: Working Capital update for Europe,Company filing,2026-03-23,87,58
src-00322,req-0450,https://gov.example/research/industrial-automation/00322,regulatory,Industrial Automation: Partnerships update for India,Market data provider,2024-04-27,77,57
src-00323,req-0037,https://news.example/research/e-commerce/00323,regulatory,E-commerce: Customer Behavior update for Japan,Research publication,2024-07-06,64,82
src-00324,req-0044,https://industry.example/research/logistics/00324,regulatory,Logistics: Working Capital update for India,Regulatory authority,2026-08-05,86,83
src-00325,req-0188,https://company.example/research/consumer-goods/00325,company source,Consumer Goods: Pricing & Demand update for United Kingdom,Government statistics,2024-03-03,64,75
src-00326,req-0344,https://industry.example/research/industrial-automation/00326,news,Industrial Automation: Operational Efficiency update for Southeast Asia,Regulatory authority,2026-05-18,99,69
src-00327,req-0001,https://news.example/research/industrial-automation/00327,research report,Industrial Automation: Regulation update for Southeast Asia,Financial press,2024-04-19,86,83
src-00328,req-0216,https://regulator.example/research/telecom/00328,regulatory,Telecom: Product Launches update for Global,Regulatory authority,2026-08-11,68,89
src-00329,req-0176,https://industry.example/research/generative-ai/00329,news,Generative AI: Working Capital update for Southeast Asia,Trade publication,2024-06-12,65,59
src-00330,req-0014,https://company.example/research/fintech/00330,company source,FinTech: Partnerships update for Middle East,Company filing,2025-08-18,93,61
src-00331,req-0437,https://company.example/research/automotive/00331,company source,Automotive: Regulation update for Europe,Company newsroom,2025-05-16,94,66
src-00332,req-0336,https://regulator.example/research/generative-ai/00332,company source,Generative AI: Market Growth update for Global,Investor presentation,2025-04-18,80,95
src-00333,req-0082,https://research.example/research/industrial-automation/00333,industry source,Industrial Automation: Partnerships update for Canada,Research publication,2024-01-08,72,55
src-00334,req-0112,https://research.example/research/electric-vehicles/00334,industry source,Electric Vehicles: Market Growth update for Australia,Investor presentation,2025-04-10,74,75
src-00335,req-0165,https://research.example/research/semiconductors/00335,regulatory,Semiconductors: Technology Adoption update for Australia,Research publication,2024-01-21,66,78
src-00336,req-0459,https://research.example/research/industrial-automation/00336,government,Industrial Automation: Market Growth update for United States,Investor presentation,2025-01-31,67,88
src-00337,req-0063,https://news.example/research/consumer-goods/00337,news,Consumer Goods: Market Size update for India,Financial press,2025-12-27,82,73
src-00338,req-0400,https://industry.example/research/industrial-automation/00338,news,Industrial Automation: Competitor Movement update for Australia,Company filing,2025-03-28,86,81
src-00339,req-0234,https://news.example/research/semiconductors/00339,government,Semiconductors: Customer Behavior update for Canada,Industry association,2024-12-28,95,61
src-00340,req-0053,https://gov.example/research/healthcare-technology/00340,industry source,Healthcare Technology: Technology Adoption update for India,Trade publication,2025-04-18,83,79
src-00341,req-0029,https://industry.example/research/banking/00341,regulatory,Banking: Investment Trends update for Southeast Asia,Trade publication,2026-04-15,92,85
src-00342,req-0094,https://regulator.example/research/e-commerce/00342,company source,E-commerce: Partnerships update for United Kingdom,Government statistics,2026-02-10,89,64
src-00343,req-0075,https://research.example/research/semiconductors/00343,government,Semiconductors: Partnerships update for India,Company filing,2025-04-08,83,88
src-00344,req-0278,https://news.example/research/automotive/00344,regulatory,Automotive: Market Growth update for Canada,Financial press,2024-04-06,99,55
src-00345,req-0334,https://industry.example/research/renewable-energy/00345,company source,Renewable Energy: Market Size update for Middle East,Regulatory authority,2025-07-03,75,73
src-00346,req-0222,https://regulator.example/research/generative-ai/00346,research report,Generative AI: Market Size update for Europe,Government statistics,2026-08-28,83,73
src-00347,req-0342,https://research.example/research/fintech/00347,regulatory,FinTech: Market Growth update for Japan,Trade publication,2026-01-22,92,76
src-00348,req-0235,https://company.example/research/healthcare-technology/00348,regulatory,Healthcare Technology: Technology Adoption update for Middle East,Regulatory authority,2026-05-06,95,74
src-00349,req-0177,https://company.example/research/e-commerce/00349,company source,E-commerce: Customer Behavior update for Global,Financial press,2026-05-17,64,57
src-00350,req-0414,https://industry.example/research/automotive/00350,regulatory,Automotive: Market Size update for Middle East,Financial press,2025-09-07,80,56
src-00351,req-0060,https://gov.example/research/banking/00351,company source,Banking: Technology Adoption update for United Kingdom,Market data provider,2025-11-23,93,78
src-00352,req-0146,https://research.example/research/telecom/00352,company source,Telecom: Risk & Exposure update for United States,Government statistics,2024-06-10,64,79
src-00353,req-0176,https://industry.example/research/generative-ai/00353,regulatory,Generative AI: Customer Behavior update for Southeast Asia,Company filing,2026-06-02,90,58
src-00354,req-0288,https://news.example/research/generative-ai/00354,company source,Generative AI: Investment Trends update for India,Company filing,2026-04-06,93,98
src-00355,req-0193,https://research.example/research/generative-ai/00355,industry source,Generative AI: Risk & Exposure update for Australia,Industry association,2025-08-19,99,85
src-00356,req-0384,https://gov.example/research/cybersecurity/00356,company source,Cybersecurity: Pricing & Demand update for Canada,Industry association,2026-04-09,96,77
src-00357,req-0195,https://company.example/research/cloud-computing/00357,news,Cloud Computing: Regulation update for Global,Regulatory authority,2026-02-01,70,85
src-00358,req-0441,https://news.example/research/semiconductors/00358,research report,Semiconductors: Market Growth update for India,Government statistics,2025-08-28,70,55
src-00359,req-0089,https://industry.example/research/healthcare-technology/00359,news,Healthcare Technology: Working Capital update for Global,Company newsroom,2024-12-14,62,92
src-00360,req-0308,https://regulator.example/research/generative-ai/00360,regulatory,Generative AI: Partnerships update for India,Regulatory authority,2025-09-29,69,72
src-00361,req-0046,https://news.example/research/banking/00361,industry source,Banking: Technology Adoption update for United Kingdom,Regulatory authority,2025-07-09,84,80
src-00362,req-0150,https://gov.example/research/logistics/00362,news,Logistics: Supply Chain update for Global,Research publication,2024-01-14,93,55
src-00363,req-0092,https://industry.example/research/automotive/00363,company source,Automotive: Pricing & Demand update for India,Research publication,2024-02-05,62,82
src-00364,req-0248,https://gov.example/research/logistics/00364,government,Logistics: Market Size update for Global,Industry association,2026-03-25,73,60
src-00365,req-0149,https://news.example/research/renewable-energy/00365,company source,Renewable Energy: Customer Behavior update for United Kingdom,Investor presentation,2024-08-01,78,59
src-00366,req-0061,https://gov.example/research/electric-vehicles/00366,news,Electric Vehicles: Technology Adoption update for Middle East,Research publication,2025-11-16,90,84
src-00367,req-0323,https://industry.example/research/automotive/00367,research report,Automotive: Competitor Movement update for United Kingdom,Industry association,2024-12-15,76,90
src-00368,req-0062,https://gov.example/research/healthcare-technology/00368,research report,Healthcare Technology: Value Leakage update for India,Investor presentation,2026-02-25,96,75
src-00369,req-0314,https://industry.example/research/e-commerce/00369,government,E-commerce: Investment Trends update for Global,Investor presentation,2025-09-30,62,90
src-00370,req-0442,https://company.example/research/healthcare-technology/00370,industry source,Healthcare Technology: Market Growth update for India,Government statistics,2024-07-27,73,78
src-00371,req-0077,https://news.example/research/automotive/00371,regulatory,Automotive: Operational Efficiency update for Southeast Asia,Financial press,2025-12-13,90,89
src-00372,req-0028,https://news.example/research/automotive/00372,research report,Automotive: Supply Chain update for United Kingdom,Investor presentation,2026-07-05,78,75
src-00373,req-0078,https://news.example/research/automotive/00373,industry source,Automotive: Customer Behavior update for United States,Company newsroom,2024-03-08,90,94
src-00374,req-0082,https://company.example/research/industrial-automation/00374,company source,Industrial Automation: Supply Chain update for Canada,Trade publication,2026-08-11,88,89
src-00375,req-0027,https://industry.example/research/banking/00375,company source,Banking: Regulation update for United States,Research publication,2024-03-05,94,90
src-00376,req-0475,https://news.example/research/cloud-computing/00376,news,Cloud Computing: Market Size update for Middle East,Industry association,2025-03-17,94,88
src-00377,req-0197,https://company.example/research/healthcare-technology/00377,government,Healthcare Technology: Market Size update for Europe,Company newsroom,2024-08-31,73,56
src-00378,req-0471,https://company.example/research/semiconductors/00378,research report,Semiconductors: Competitor Movement update for Europe,Company filing,2024-04-03,81,60
src-00379,req-0364,https://research.example/research/cybersecurity/00379,government,Cybersecurity: Value Leakage update for Japan,Investor presentation,2024-12-22,76,71
src-00380,req-0066,https://industry.example/research/consumer-goods/00380,regulatory,Consumer Goods: Operational Efficiency update for United States,Financial press,2025-11-03,90,57
src-00381,req-0349,https://company.example/research/electric-vehicles/00381,government,Electric Vehicles: Supply Chain update for Global,Financial press,2025-11-12,66,94
src-00382,req-0328,https://news.example/research/logistics/00382,industry source,Logistics: Pricing & Demand update for India,Company newsroom,2026-02-27,64,64
src-00383,req-0490,https://research.example/research/automotive/00383,research report,Automotive: Supply Chain update for India,Government statistics,2026-06-30,72,57
src-00384,req-0308,https://industry.example/research/generative-ai/00384,industry source,Generative AI: Market Size update for India,Regulatory authority,2025-01-30,71,94
src-00385,req-0194,https://company.example/research/cloud-computing/00385,regulatory,Cloud Computing: Market Growth update for India,Government statistics,2024-11-30,71,96
src-00386,req-0353,https://regulator.example/research/healthcare-technology/00386,news,Healthcare Technology: Supply Chain update for Southeast Asia,Regulatory authority,2026-07-10,85,69
src-00387,req-0022,https://research.example/research/fintech/00387,news,FinTech: Supply Chain update for Australia,Company filing,2026-02-03,65,81
src-00388,req-0260,https://gov.example/research/cloud-computing/00388,company source,Cloud Computing: Working Capital update for United States,Company filing,2024-05-23,82,90
src-00389,req-0086,https://news.example/research/healthcare-technology/00389,industry source,Healthcare Technology: Working Capital update for United Kingdom,Company newsroom,2025-10-18,94,78
src-00390,req-0124,https://regulator.example/research/cloud-computing/00390,industry source,Cloud Computing: Operational Efficiency update for Canada,Financial press,2025-03-17,94,89
src-00391,req-0426,https://gov.example/research/fintech/00391,regulatory,FinTech: Market Growth update for India,Company filing,2024-03-30,66,97
src-00392,req-0204,https://regulator.example/research/renewable-energy/00392,company source,Renewable Energy: Value Leakage update for Global,Trade publication,2025-11-06,81,84
src-00393,req-0044,https://company.example/research/logistics/00393,research report,Logistics: Risk & Exposure update for India,Research publication,2024-08-01,96,96
src-00394,req-0216,https://news.example/research/telecom/00394,industry source,Telecom: Market Growth update for Global,Company filing,2024-12-23,97,99
src-00395,req-0123,https://research.example/research/generative-ai/00395,company source,Generative AI: Market Size update for Japan,Research publication,2026-05-06,90,83
src-00396,req-0349,https://regulator.example/research/electric-vehicles/00396,regulatory,Electric Vehicles: Customer Behavior update for Global,Research publication,2025-02-28,93,97
src-00397,req-0039,https://regulator.example/research/semiconductors/00397,regulatory,Semiconductors: Pricing & Demand update for Europe,Company filing,2024-03-02,90,93
src-00398,req-0150,https://research.example/research/logistics/00398,regulatory,Logistics: Regulation update for Global,Company filing,2025-10-11,99,79
src-00399,req-0250,https://news.example/research/semiconductors/00399,regulatory,Semiconductors: Operational Efficiency update for Japan,Company filing,2024-11-30,86,86
src-00400,req-0387,https://regulator.example/research/telecom/00400,industry source,Telecom: Investment Trends update for Japan,Company filing,2025-10-16,99,75
src-00401,req-0029,https://regulator.example/research/banking/00401,company source,Banking: Working Capital update for Southeast Asia,Trade publication,2024-10-29,66,73
src-00402,req-0091,https://regulator.example/research/generative-ai/00402,company source,Generative AI: Investment Trends update for Japan,Regulatory authority,2025-06-29,95,57
src-00403,req-0443,https://gov.example/research/semiconductors/00403,news,Semiconductors: Value Leakage update for Canada,Financial press,2025-12-02,67,61
src-00404,req-0396,https://news.example/research/e-commerce/00404,regulatory,E-commerce: Working Capital update for Global,Investor presentation,2026-04-14,81,97
src-00405,req-0456,https://regulator.example/research/cloud-computing/00405,government,Cloud Computing: Pricing & Demand update for India,Investor presentation,2025-03-02,72,90
src-00406,req-0429,https://industry.example/research/banking/00406,government,Banking: Technology Adoption update for Japan,Government statistics,2024-05-22,88,86
src-00407,req-0038,https://regulator.example/research/renewable-energy/00407,regulatory,Renewable Energy: Customer Behavior update for Europe,Research publication,2026-07-01,93,79
src-00408,req-0081,https://regulator.example/research/generative-ai/00408,government,Generative AI: Pricing & Demand update for Global,Investor presentation,2024-12-11,89,96
src-00409,req-0351,https://industry.example/research/industrial-automation/00409,news,Industrial Automation: Customer Behavior update for United States,Investor presentation,2026-01-04,98,80
src-00410,req-0388,https://industry.example/research/e-commerce/00410,government,E-commerce: Operational Efficiency update for India,Company filing,2025-12-16,68,93
src-00411,req-0152,https://gov.example/research/consumer-goods/00411,research report,Consumer Goods: Regulation update for India,Trade publication,2024-08-08,88,74
src-00412,req-0362,https://gov.example/research/e-commerce/00412,regulatory,E-commerce: Pricing & Demand update for Global,Regulatory authority,2026-02-01,67,74
src-00413,req-0097,https://industry.example/research/banking/00413,research report,Banking: Customer Behavior update for Australia,Industry association,2024-10-07,62,68
src-00414,req-0483,https://research.example/research/automotive/00414,government,Automotive: Supply Chain update for Southeast Asia,Research publication,2026-05-25,97,94
src-00415,req-0350,https://news.example/research/banking/00415,government,Banking: Regulation update for Canada,Regulatory authority,2026-04-05,82,58
src-00416,req-0408,https://regulator.example/research/consumer-goods/00416,company source,Consumer Goods: Market Size update for Europe,Industry association,2025-03-02,66,62
src-00417,req-0298,https://news.example/research/automotive/00417,industry source,Automotive: Value Leakage update for United Kingdom,Market data provider,2026-07-23,62,93
src-00418,req-0247,https://company.example/research/cloud-computing/00418,industry source,Cloud Computing: Investment Trends update for Australia,Regulatory authority,2026-04-01,85,58
src-00419,req-0099,https://regulator.example/research/e-commerce/00419,company source,E-commerce: Operational Efficiency update for Japan,Financial press,2026-06-17,97,95
src-00420,req-0493,https://company.example/research/fintech/00420,company source,FinTech: Working Capital update for Middle East,Government statistics,2025-12-28,62,84
src-00421,req-0134,https://gov.example/research/cloud-computing/00421,research report,Cloud Computing: Operational Efficiency update for Europe,Financial press,2024-12-06,94,99
src-00422,req-0483,https://company.example/research/automotive/00422,news,Automotive: Regulation update for Southeast Asia,Regulatory authority,2026-06-23,89,55
src-00423,req-0344,https://industry.example/research/industrial-automation/00423,company source,Industrial Automation: Operational Efficiency update for Southeast Asia,Financial press,2024-09-01,78,71
src-00424,req-0034,https://industry.example/research/e-commerce/00424,company source,E-commerce: Risk & Exposure update for United Kingdom,Industry association,2024-02-23,91,70
src-00425,req-0141,https://company.example/research/consumer-goods/00425,company source,Consumer Goods: Market Growth update for Southeast Asia,Investor presentation,2024-08-07,69,70
src-00426,req-0205,https://news.example/research/consumer-goods/00426,industry source,Consumer Goods: Partnerships update for Global,Government statistics,2026-02-10,66,67
src-00427,req-0402,https://news.example/research/cloud-computing/00427,research report,Cloud Computing: Market Size update for Middle East,Company newsroom,2026-07-23,81,87
src-00428,req-0150,https://regulator.example/research/logistics/00428,research report,Logistics: Market Size update for Global,Research publication,2026-08-01,65,90
src-00429,req-0008,https://news.example/research/renewable-energy/00429,research report,Renewable Energy: Technology Adoption update for Australia,Research publication,2024-01-19,99,85
src-00430,req-0222,https://research.example/research/generative-ai/00430,regulatory,Generative AI: Partnerships update for Europe,Government statistics,2026-02-26,71,62
src-00431,req-0350,https://industry.example/research/banking/00431,government,Banking: Working Capital update for Canada,Company filing,2026-08-16,91,83
src-00432,req-0174,https://company.example/research/healthcare-technology/00432,research report,Healthcare Technology: Product Launches update for India,Regulatory authority,2024-07-13,92,90
src-00433,req-0257,https://industry.example/research/industrial-automation/00433,regulatory,Industrial Automation: Market Size update for Canada,Government statistics,2026-07-07,65,87
src-00434,req-0305,https://gov.example/research/industrial-automation/00434,company source,Industrial Automation: Regulation update for Canada,Industry association,2024-10-21,83,91
src-00435,req-0471,https://regulator.example/research/semiconductors/00435,government,Semiconductors: Regulation update for Europe,Research publication,2024-08-12,80,74
src-00436,req-0006,https://industry.example/research/generative-ai/00436,news,Generative AI: Competitor Movement update for Canada,Research publication,2024-09-29,82,86
src-00437,req-0275,https://regulator.example/research/semiconductors/00437,news,Semiconductors: Risk & Exposure update for Middle East,Government statistics,2025-02-25,87,65
src-00438,req-0227,https://news.example/research/renewable-energy/00438,government,Renewable Energy: Risk & Exposure update for United States,Government statistics,2024-01-31,73,77
src-00439,req-0455,https://gov.example/research/telecom/00439,government,Telecom: Competitor Movement update for Global,Trade publication,2024-12-15,71,65
src-00440,req-0181,https://industry.example/research/generative-ai/00440,research report,Generative AI: Supply Chain update for Europe,Trade publication,2025-09-24,89,72
src-00441,req-0147,https://regulator.example/research/cloud-computing/00441,news,Cloud Computing: Market Growth update for India,Government statistics,2024-10-27,91,62
src-00442,req-0055,https://industry.example/research/cloud-computing/00442,research report,Cloud Computing: Product Launches update for India,Company newsroom,2026-08-27,92,99
src-00443,req-0029,https://regulator.example/research/banking/00443,news,Banking: Working Capital update for Southeast Asia,Financial press,2024-01-15,79,71
src-00444,req-0192,https://company.example/research/automotive/00444,regulatory,Automotive: Regulation update for Global,Industry association,2026-06-14,82,67
src-00445,req-0341,https://industry.example/research/telecom/00445,government,Telecom: Market Size update for Japan,Company filing,2024-01-05,94,64
src-00446,req-0001,https://industry.example/research/industrial-automation/00446,company source,Industrial Automation: Product Launches update for Southeast Asia,Company newsroom,2024-11-22,79,83
src-00447,req-0065,https://industry.example/research/automotive/00447,government,Automotive: Market Growth update for Global,Research publication,2024-02-14,90,57
src-00448,req-0317,https://company.example/research/generative-ai/00448,regulatory,Generative AI: Value Leakage update for Japan,Industry association,2025-09-11,67,81
src-00449,req-0449,https://news.example/research/electric-vehicles/00449,company source,Electric Vehicles: Risk & Exposure update for Middle East,Company newsroom,2025-10-27,74,69
src-00450,req-0136,https://industry.example/research/automotive/00450,regulatory,Automotive: Market Size update for Japan,Industry association,2026-04-13,96,72
src-00451,req-0436,https://regulator.example/research/electric-vehicles/00451,research report,Electric Vehicles: Risk & Exposure update for Middle East,Trade publication,2025-01-26,86,70
src-00452,req-0181,https://gov.example/research/generative-ai/00452,industry source,Generative AI: Regulation update for Europe,Investor presentation,2024-06-15,65,88
src-00453,req-0273,https://research.example/research/logistics/00453,government,Logistics: Market Growth update for Middle East,Trade publication,2026-07-23,63,91
src-00454,req-0177,https://gov.example/research/e-commerce/00454,news,E-commerce: Partnerships update for Global,Investor presentation,2024-12-22,65,64
src-00455,req-0468,https://gov.example/research/e-commerce/00455,government,E-commerce: Risk & Exposure update for Southeast Asia,Investor presentation,2024-12-01,97,62
src-00456,req-0024,https://gov.example/research/cloud-computing/00456,government,Cloud Computing: Market Growth update for Japan,Trade publication,2025-10-29,76,76
src-00457,req-0343,https://news.example/research/cloud-computing/00457,news,Cloud Computing: Pricing & Demand update for Middle East,Financial press,2026-08-03,89,70
src-00458,req-0061,https://industry.example/research/electric-vehicles/00458,regulatory,Electric Vehicles: Competitor Movement update for Middle East,Investor presentation,2025-02-14,67,89
src-00459,req-0213,https://research.example/research/logistics/00459,government,Logistics: Partnerships update for Global,Company filing,2026-08-05,88,90
src-00460,req-0319,https://research.example/research/cloud-computing/00460,company source,Cloud Computing: Pricing & Demand update for Japan,Trade publication,2024-10-02,74,96
src-00461,req-0147,https://gov.example/research/cloud-computing/00461,news,Cloud Computing: Customer Behavior update for India,Regulatory authority,2026-06-09,85,55
src-00462,req-0295,https://regulator.example/research/logistics/00462,company source,Logistics: Investment Trends update for Europe,Trade publication,2024-04-22,83,60
src-00463,req-0442,https://news.example/research/healthcare-technology/00463,government,Healthcare Technology: Market Size update for India,Company filing,2024-02-22,63,87
src-00464,req-0441,https://research.example/research/semiconductors/00464,research report,Semiconductors: Risk & Exposure update for India,Research publication,2025-04-14,95,63
src-00465,req-0498,https://industry.example/research/fintech/00465,news,FinTech: Regulation update for Australia,Trade publication,2026-08-11,87,69
src-00466,req-0258,https://news.example/research/electric-vehicles/00466,industry source,Electric Vehicles: Working Capital update for Europe,Company filing,2024-07-16,77,69
src-00467,req-0201,https://gov.example/research/generative-ai/00467,company source,Generative AI: Investment Trends update for Australia,Government statistics,2024-11-30,75,75
src-00468,req-0165,https://research.example/research/semiconductors/00468,regulatory,Semiconductors: Supply Chain update for Australia,Financial press,2025-01-17,87,79
src-00469,req-0233,https://gov.example/research/cloud-computing/00469,company source,Cloud Computing: Partnerships update for Europe,Industry association,2025-11-18,86,88
src-00470,req-0010,https://news.example/research/industrial-automation/00470,industry source,Industrial Automation: Regulation update for Middle East,Government statistics,2024-12-22,77,81
src-00471,req-0275,https://company.example/research/semiconductors/00471,research report,Semiconductors: Product Launches update for Middle East,Industry association,2025-05-12,87,56
src-00472,req-0049,https://news.example/research/healthcare-technology/00472,news,Healthcare Technology: Operational Efficiency update for Japan,Company newsroom,2025-09-05,67,56
src-00473,req-0433,https://gov.example/research/generative-ai/00473,government,Generative AI: Partnerships update for Southeast Asia,Regulatory authority,2024-10-21,67,55
src-00474,req-0457,https://gov.example/research/consumer-goods/00474,news,Consumer Goods: Supply Chain update for Southeast Asia,Company newsroom,2026-04-05,93,81
src-00475,req-0489,https://research.example/research/e-commerce/00475,industry source,E-commerce: Investment Trends update for Global,Investor presentation,2025-12-13,93,78
src-00476,req-0275,https://regulator.example/research/semiconductors/00476,government,Semiconductors: Pricing & Demand update for Middle East,Market data provider,2024-02-01,89,87
src-00477,req-0390,https://gov.example/research/semiconductors/00477,news,Semiconductors: Market Growth update for Middle East,Market data provider,2024-12-07,79,71
src-00478,req-0345,https://industry.example/research/semiconductors/00478,industry source,Semiconductors: Value Leakage update for United States,Research publication,2026-01-23,70,75
src-00479,req-0266,https://research.example/research/logistics/00479,regulatory,Logistics: Competitor Movement update for Europe,Financial press,2025-06-07,77,75
src-00480,req-0008,https://news.example/research/renewable-energy/00480,news,Renewable Energy: Risk & Exposure update for Australia,Government statistics,2024-01-26,94,71
src-00481,req-0139,https://research.example/research/electric-vehicles/00481,industry source,Electric Vehicles: Market Size update for Global,Company newsroom,2024-05-24,88,85
src-00482,req-0377,https://regulator.example/research/e-commerce/00482,research report,E-commerce: Investment Trends update for Canada,Government statistics,2026-01-12,80,79
src-00483,req-0070,https://research.example/research/semiconductors/00483,industry source,Semiconductors: Supply Chain update for Canada,Regulatory authority,2026-04-10,88,89
src-00484,req-0416,https://research.example/research/fintech/00484,government,FinTech: Investment Trends update for Europe,Financial press,2024-03-15,64,98
src-00485,req-0346,https://industry.example/research/semiconductors/00485,government,Semiconductors: Working Capital update for Australia,Company newsroom,2026-05-31,62,77
src-00486,req-0260,https://industry.example/research/cloud-computing/00486,regulatory,Cloud Computing: Supply Chain update for United States,Company newsroom,2024-03-27,96,81
src-00487,req-0485,https://gov.example/research/automotive/00487,industry source,Automotive: Technology Adoption update for Middle East,Financial press,2024-08-15,78,72
src-00488,req-0432,https://gov.example/research/fintech/00488,regulatory,FinTech: Value Leakage update for Europe,Trade publication,2024-08-26,98,68
src-00489,req-0194,https://industry.example/research/cloud-computing/00489,company source,Cloud Computing: Partnerships update for India,Research publication,2026-06-24,78,62
src-00490,req-0130,https://news.example/research/renewable-energy/00490,industry source,Renewable Energy: Partnerships update for Middle East,Research publication,2024-05-02,69,70
src-00491,req-0402,https://industry.example/research/cloud-computing/00491,industry source,Cloud Computing: Value Leakage update for Middle East,Regulatory authority,2025-08-24,97,66
src-00492,req-0356,https://industry.example/research/cybersecurity/00492,government,Cybersecurity: Investment Trends update for Canada,Trade publication,2026-02-06,66,63
src-00493,req-0424,https://gov.example/research/renewable-energy/00493,regulatory,Renewable Energy: Market Size update for United States,Research publication,2025-04-08,91,81
src-00494,req-0117,https://company.example/research/automotive/00494,government,Automotive: Competitor Movement update for Southeast Asia,Industry association,2024-02-20,75,81
src-00495,req-0304,https://research.example/research/fintech/00495,industry source,FinTech: Supply Chain update for Middle East,Industry association,2024-09-01,66,74
src-00496,req-0124,https://regulator.example/research/cloud-computing/00496,government,Cloud Computing: Supply Chain update for Canada,Company filing,2024-09-17,67,89
src-00497,req-0176,https://company.example/research/generative-ai/00497,news,Generative AI: Product Launches update for Southeast Asia,Government statistics,2025-12-04,66,66
src-00498,req-0454,https://gov.example/research/cloud-computing/00498,research report,Cloud Computing: Market Size update for India,Research publication,2026-02-28,97,96
src-00499,req-0005,https://gov.example/research/industrial-automation/00499,company source,Industrial Automation: Investment Trends update for Australia,Government statistics,2025-05-27,68,67
src-00500,req-0329,https://news.example/research/healthcare-technology/00500,company source,Healthcare Technology: Working Capital update for Europe,Company newsroom,2025-03-17,81,65
src-00501,req-0226,https://news.example/research/cloud-computing/00501,news,Cloud Computing: Competitor Movement update for Middle East,Regulatory authority,2026-04-11,68,82
src-00502,req-0465,https://company.example/research/automotive/00502,news,Automotive: Technology Adoption update for Japan,Financial press,2024-01-07,88,69
src-00503,req-0478,https://gov.example/research/fintech/00503,research report,FinTech: Value Leakage update for United States,Company newsroom,2024-03-27,88,77
src-00504,req-0255,https://regulator.example/research/healthcare-technology/00504,research report,Healthcare Technology: Investment Trends update for Middle East,Financial press,2025-01-31,71,71
src-00505,req-0212,https://industry.example/research/banking/00505,government,Banking: Market Size update for Japan,Regulatory authority,2025-08-02,62,86
src-00506,req-0213,https://regulator.example/research/logistics/00506,news,Logistics: Risk & Exposure update for Global,Company filing,2024-07-29,79,61
src-00507,req-0167,https://gov.example/research/e-commerce/00507,industry source,E-commerce: Operational Efficiency update for India,Company filing,2025-07-30,83,82
src-00508,req-0400,https://regulator.example/research/industrial-automation/00508,news,Industrial Automation: Market Size update for Australia,Company newsroom,2024-04-27,86,87
src-00509,req-0485,https://company.example/research/automotive/00509,company source,Automotive: Working Capital update for Middle East,Market data provider,2025-08-10,79,99
src-00510,req-0269,https://research.example/research/automotive/00510,regulatory,Automotive: Competitor Movement update for Southeast Asia,Government statistics,2026-05-20,82,86
src-00511,req-0367,https://gov.example/research/banking/00511,research report,Banking: Operational Efficiency update for United States,Government statistics,2026-04-25,68,77
src-00512,req-0286,https://industry.example/research/e-commerce/00512,research report,E-commerce: Working Capital update for Europe,Government statistics,2024-12-26,93,63
src-00513,req-0369,https://gov.example/research/semiconductors/00513,government,Semiconductors: Operational Efficiency update for Southeast Asia,Financial press,2024-08-18,91,94
src-00514,req-0288,https://news.example/research/generative-ai/00514,industry source,Generative AI: Market Growth update for India,Trade publication,2026-06-11,64,58
src-00515,req-0186,https://gov.example/research/automotive/00515,research report,Automotive: Operational Efficiency update for India,Company filing,2026-05-13,69,83
src-00516,req-0378,https://research.example/research/healthcare-technology/00516,regulatory,Healthcare Technology: Pricing & Demand update for Japan,Trade publication,2026-01-20,70,80
src-00517,req-0355,https://regulator.example/research/logistics/00517,research report,Logistics: Risk & Exposure update for Middle East,Trade publication,2025-11-23,85,90
src-00518,req-0350,https://company.example/research/banking/00518,industry source,Banking: Value Leakage update for Canada,Financial press,2026-01-20,80,60
src-00519,req-0349,https://regulator.example/research/electric-vehicles/00519,industry source,Electric Vehicles: Technology Adoption update for Global,Government statistics,2025-02-04,62,67
src-00520,req-0230,https://company.example/research/electric-vehicles/00520,regulatory,Electric Vehicles: Risk & Exposure update for United States,Financial press,2025-02-25,70,98
src-00521,req-0142,https://research.example/research/healthcare-technology/00521,news,Healthcare Technology: Market Size update for United States,Industry association,2024-09-25,69,60
src-00522,req-0104,https://research.example/research/e-commerce/00522,industry source,E-commerce: Market Size update for United States,Research publication,2025-08-22,88,98
src-00523,req-0471,https://company.example/research/semiconductors/00523,government,Semiconductors: Customer Behavior update for Europe,Industry association,2024-11-05,82,62
src-00524,req-0317,https://company.example/research/generative-ai/00524,government,Generative AI: Investment Trends update for Japan,Trade publication,2025-03-09,84,57
src-00525,req-0383,https://industry.example/research/consumer-goods/00525,company source,Consumer Goods: Risk & Exposure update for United Kingdom,Government statistics,2025-08-29,88,61
src-00526,req-0204,https://news.example/research/renewable-energy/00526,industry source,Renewable Energy: Supply Chain update for Global,Investor presentation,2026-01-04,95,57
src-00527,req-0357,https://gov.example/research/consumer-goods/00527,company source,Consumer Goods: Pricing & Demand update for Canada,Trade publication,2025-06-21,90,57
src-00528,req-0192,https://gov.example/research/automotive/00528,company source,Automotive: Risk & Exposure update for Global,Company newsroom,2025-05-19,62,66
src-00529,req-0439,https://company.example/research/e-commerce/00529,government,E-commerce: Investment Trends update for United States,Investor presentation,2025-06-20,66,70
src-00530,req-0449,https://research.example/research/electric-vehicles/00530,news,Electric Vehicles: Product Launches update for Middle East,Industry association,2024-03-14,91,86
src-00531,req-0205,https://news.example/research/consumer-goods/00531,industry source,Consumer Goods: Operational Efficiency update for Global,Regulatory authority,2025-04-30,82,70
src-00532,req-0441,https://gov.example/research/semiconductors/00532,research report,Semiconductors: Technology Adoption update for India,Government statistics,2025-12-21,95,92
src-00533,req-0442,https://news.example/research/healthcare-technology/00533,regulatory,Healthcare Technology: Market Growth update for India,Company newsroom,2026-01-15,66,78
src-00534,req-0405,https://industry.example/research/automotive/00534,news,Automotive: Customer Behavior update for United States,Regulatory authority,2024-08-28,70,73
src-00535,req-0145,https://research.example/research/telecom/00535,company source,Telecom: Market Growth update for Australia,Industry association,2025-11-21,72,92
src-00536,req-0026,https://gov.example/research/automotive/00536,research report,Automotive: Partnerships update for Canada,Industry association,2026-03-17,64,68
src-00537,req-0391,https://regulator.example/research/cybersecurity/00537,government,Cybersecurity: Regulation update for Japan,Trade publication,2025-08-23,84,87
src-00538,req-0307,https://research.example/research/healthcare-technology/00538,news,Healthcare Technology: Risk & Exposure update for Global,Company newsroom,2026-04-12,98,82
src-00539,req-0010,https://regulator.example/research/industrial-automation/00539,research report,Industrial Automation: Value Leakage update for Middle East,Research publication,2025-04-18,63,97
src-00540,req-0347,https://research.example/research/e-commerce/00540,company source,E-commerce: Partnerships update for United States,Financial press,2026-07-29,95,90
src-00541,req-0103,https://gov.example/research/healthcare-technology/00541,regulatory,Healthcare Technology: Market Size update for United States,Regulatory authority,2025-07-20,65,87
src-00542,req-0456,https://regulator.example/research/cloud-computing/00542,company source,Cloud Computing: Value Leakage update for India,Company newsroom,2024-06-13,68,91
src-00543,req-0409,https://regulator.example/research/automotive/00543,research report,Automotive: Product Launches update for Canada,Financial press,2024-02-24,68,87
src-00544,req-0283,https://research.example/research/electric-vehicles/00544,industry source,Electric Vehicles: Working Capital update for Australia,Company filing,2024-02-27,65,82
src-00545,req-0482,https://company.example/research/consumer-goods/00545,industry source,Consumer Goods: Product Launches update for India,Financial press,2024-08-30,79,97
src-00546,req-0102,https://news.example/research/logistics/00546,news,Logistics: Technology Adoption update for Europe,Company filing,2026-07-24,95,55
src-00547,req-0268,https://regulator.example/research/electric-vehicles/00547,research report,Electric Vehicles: Risk & Exposure update for India,Financial press,2025-05-03,88,56
src-00548,req-0002,https://research.example/research/renewable-energy/00548,company source,Renewable Energy: Pricing & Demand update for United States,Industry association,2024-01-15,62,66
src-00549,req-0416,https://research.example/research/fintech/00549,company source,FinTech: Working Capital update for Europe,Company filing,2025-03-22,68,60
src-00550,req-0177,https://regulator.example/research/e-commerce/00550,news,E-commerce: Supply Chain update for Global,Trade publication,2025-08-21,70,64
src-00551,req-0492,https://company.example/research/electric-vehicles/00551,regulatory,Electric Vehicles: Competitor Movement update for United States,Company filing,2026-03-09,69,73
src-00552,req-0004,https://regulator.example/research/cloud-computing/00552,regulatory,Cloud Computing: Supply Chain update for United States,Company newsroom,2024-07-03,78,83
src-00553,req-0367,https://gov.example/research/banking/00553,government,Banking: Customer Behavior update for United States,Government statistics,2025-04-22,80,86
src-00554,req-0442,https://gov.example/research/healthcare-technology/00554,industry source,Healthcare Technology: Product Launches update for India,Company filing,2025-12-23,63,89
src-00555,req-0043,https://company.example/research/generative-ai/00555,industry source,Generative AI: Pricing & Demand update for Europe,Market data provider,2025-03-01,96,78
src-00556,req-0176,https://regulator.example/research/generative-ai/00556,company source,Generative AI: Partnerships update for Southeast Asia,Research publication,2025-07-25,95,88
src-00557,req-0065,https://industry.example/research/automotive/00557,research report,Automotive: Technology Adoption update for Global,Regulatory authority,2025-10-24,88,90
src-00558,req-0009,https://gov.example/research/renewable-energy/00558,research report,Renewable Energy: Value Leakage update for Global,Government statistics,2026-06-29,76,72
src-00559,req-0428,https://industry.example/research/automotive/00559,regulatory,Automotive: Partnerships update for Japan,Market data provider,2024-06-12,75,79
src-00560,req-0236,https://research.example/research/cloud-computing/00560,industry source,Cloud Computing: Pricing & Demand update for Japan,Government statistics,2026-07-14,89,76
src-00561,req-0358,https://company.example/research/automotive/00561,government,Automotive: Competitor Movement update for United States,Investor presentation,2024-01-13,79,94
src-00562,req-0013,https://regulator.example/research/cloud-computing/00562,company source,Cloud Computing: Regulation update for Global,Trade publication,2025-12-03,75,99
src-00563,req-0344,https://industry.example/research/industrial-automation/00563,government,Industrial Automation: Market Size update for Southeast Asia,Government statistics,2025-10-11,91,87
src-00564,req-0244,https://company.example/research/cloud-computing/00564,company source,Cloud Computing: Market Size update for Southeast Asia,Company filing,2024-12-24,87,69
src-00565,req-0267,https://industry.example/research/fintech/00565,government,FinTech: Product Launches update for Japan,Regulatory authority,2026-01-16,98,81
src-00566,req-0064,https://company.example/research/semiconductors/00566,research report,Semiconductors: Value Leakage update for Canada,Regulatory authority,2025-03-12,90,59
src-00567,req-0010,https://research.example/research/industrial-automation/00567,industry source,Industrial Automation: Risk & Exposure update for Middle East,Investor presentation,2026-03-27,84,85
src-00568,req-0425,https://company.example/research/renewable-energy/00568,industry source,Renewable Energy: Investment Trends update for United Kingdom,Industry association,2026-05-29,77,85
src-00569,req-0133,https://gov.example/research/fintech/00569,regulatory,FinTech: Working Capital update for Australia,Market data provider,2026-02-02,96,68
src-00570,req-0049,https://research.example/research/healthcare-technology/00570,news,Healthcare Technology: Value Leakage update for Japan,Company newsroom,2024-05-02,86,74
src-00571,req-0311,https://gov.example/research/telecom/00571,research report,Telecom: Risk & Exposure update for Middle East,Regulatory authority,2025-01-17,87,69
src-00572,req-0034,https://regulator.example/research/e-commerce/00572,industry source,E-commerce: Technology Adoption update for United Kingdom,Company newsroom,2024-05-29,63,84
src-00573,req-0492,https://regulator.example/research/electric-vehicles/00573,news,Electric Vehicles: Product Launches update for United States,Industry association,2024-06-26,96,67
src-00574,req-0425,https://company.example/research/renewable-energy/00574,industry source,Renewable Energy: Working Capital update for United Kingdom,Research publication,2026-01-15,78,78
src-00575,req-0279,https://company.example/research/fintech/00575,research report,FinTech: Investment Trends update for United States,Research publication,2024-01-01,68,74
src-00576,req-0246,https://gov.example/research/automotive/00576,company source,Automotive: Product Launches update for Europe,Company filing,2024-04-12,90,78
src-00577,req-0071,https://gov.example/research/cloud-computing/00577,company source,Cloud Computing: Risk & Exposure update for India,Trade publication,2025-07-02,62,82
src-00578,req-0326,https://company.example/research/cybersecurity/00578,industry source,Cybersecurity: Partnerships update for Australia,Financial press,2025-10-28,75,92
src-00579,req-0452,https://company.example/research/electric-vehicles/00579,government,Electric Vehicles: Working Capital update for India,Company newsroom,2025-04-22,86,56
src-00580,req-0293,https://company.example/research/e-commerce/00580,company source,E-commerce: Market Size update for Southeast Asia,Trade publication,2024-12-28,93,95
src-00581,req-0428,https://gov.example/research/automotive/00581,government,Automotive: Regulation update for Japan,Industry association,2025-06-28,63,71
src-00582,req-0324,https://research.example/research/renewable-energy/00582,industry source,Renewable Energy: Working Capital update for United Kingdom,Financial press,2024-08-13,64,89
src-00583,req-0409,https://research.example/research/automotive/00583,industry source,Automotive: Value Leakage update for Canada,Financial press,2025-04-07,64,57
src-00584,req-0170,https://news.example/research/semiconductors/00584,industry source,Semiconductors: Competitor Movement update for United Kingdom,Trade publication,2024-06-19,87,92
src-00585,req-0021,https://research.example/research/telecom/00585,industry source,Telecom: Product Launches update for Australia,Industry association,2024-06-05,64,59
src-00586,req-0116,https://industry.example/research/healthcare-technology/00586,industry source,Healthcare Technology: Partnerships update for Europe,Government statistics,2024-03-16,83,71
src-00587,req-0468,https://news.example/research/e-commerce/00587,news,E-commerce: Technology Adoption update for Southeast Asia,Investor presentation,2025-09-25,97,98
src-00588,req-0359,https://research.example/research/telecom/00588,research report,Telecom: Market Growth update for United Kingdom,Investor presentation,2025-01-23,79,93
src-00589,req-0103,https://research.example/research/healthcare-technology/00589,regulatory,Healthcare Technology: Partnerships update for United States,Market data provider,2026-03-03,73,58
src-00590,req-0140,https://research.example/research/renewable-energy/00590,industry source,Renewable Energy: Investment Trends update for Australia,Industry association,2024-01-26,75,66
src-00591,req-0250,https://company.example/research/semiconductors/00591,government,Semiconductors: Operational Efficiency update for Japan,Financial press,2026-07-05,79,91
src-00592,req-0434,https://research.example/research/automotive/00592,industry source,Automotive: Product Launches update for Canada,Research publication,2024-02-11,91,55
src-00593,req-0402,https://news.example/research/cloud-computing/00593,news,Cloud Computing: Market Growth update for Middle East,Company newsroom,2025-03-28,72,78
src-00594,req-0129,https://research.example/research/banking/00594,news,Banking: Regulation update for Southeast Asia,Market data provider,2026-06-10,63,75
src-00595,req-0169,https://company.example/research/healthcare-technology/00595,industry source,Healthcare Technology: Risk & Exposure update for Middle East,Company newsroom,2025-07-05,67,81
src-00596,req-0485,https://news.example/research/automotive/00596,company source,Automotive: Value Leakage update for Middle East,Government statistics,2025-07-13,92,80
src-00597,req-0082,https://news.example/research/industrial-automation/00597,industry source,Industrial Automation: Working Capital update for Canada,Investor presentation,2024-07-20,71,79
src-00598,req-0084,https://industry.example/research/automotive/00598,news,Automotive: Supply Chain update for United Kingdom,Market data provider,2024-08-01,86,69
src-00599,req-0152,https://company.example/research/consumer-goods/00599,company source,Consumer Goods: Value Leakage update for India,Regulatory authority,2025-11-15,67,79
src-00600,req-0027,https://industry.example/research/banking/00600,industry source,Banking: Competitor Movement update for United States,Financial press,2026-03-08,77,65
src-00601,req-0054,https://regulator.example/research/banking/00601,government,Banking: Operational Efficiency update for United States,Research publication,2024-03-26,74,68
src-00602,req-0031,https://company.example/research/generative-ai/00602,government,Generative AI: Pricing & Demand update for Southeast Asia,Investor presentation,2025-08-06,80,98
src-00603,req-0355,https://research.example/research/logistics/00603,news,Logistics: Working Capital update for Middle East,Financial press,2026-08-07,65,90
src-00604,req-0240,https://news.example/research/e-commerce/00604,government,E-commerce: Risk & Exposure update for Global,Research publication,2025-06-17,78,62
src-00605,req-0072,https://regulator.example/research/renewable-energy/00605,government,Renewable Energy: Investment Trends update for Japan,Company newsroom,2024-03-16,82,62
src-00606,req-0251,https://gov.example/research/banking/00606,news,Banking: Investment Trends update for Australia,Company filing,2025-03-10,98,55
src-00607,req-0088,https://regulator.example/research/cloud-computing/00607,industry source,Cloud Computing: Competitor Movement update for Canada,Market data provider,2024-02-10,75,66
src-00608,req-0383,https://company.example/research/consumer-goods/00608,company source,Consumer Goods: Investment Trends update for United Kingdom,Government statistics,2025-10-11,62,89
src-00609,req-0152,https://news.example/research/consumer-goods/00609,company source,Consumer Goods: Value Leakage update for India,Research publication,2026-08-25,78,80
src-00610,req-0493,https://gov.example/research/fintech/00610,news,FinTech: Partnerships update for Middle East,Government statistics,2025-07-25,70,79
src-00611,req-0302,https://regulator.example/research/semiconductors/00611,company source,Semiconductors: Technology Adoption update for United Kingdom,Regulatory authority,2025-12-18,77,94
src-00612,req-0481,https://news.example/research/electric-vehicles/00612,news,Electric Vehicles: Product Launches update for Canada,Trade publication,2025-08-23,75,99
src-00613,req-0389,https://gov.example/research/semiconductors/00613,regulatory,Semiconductors: Regulation update for Southeast Asia,Investor presentation,2025-09-25,68,85
src-00614,req-0204,https://industry.example/research/renewable-energy/00614,company source,Renewable Energy: Operational Efficiency update for Global,Research publication,2024-09-20,81,90
src-00615,req-0163,https://news.example/research/cloud-computing/00615,news,Cloud Computing: Supply Chain update for Middle East,Company filing,2024-05-22,67,74
src-00616,req-0290,https://industry.example/research/banking/00616,research report,Banking: Customer Behavior update for Middle East,Financial press,2024-01-21,81,88
src-00617,req-0093,https://research.example/research/renewable-energy/00617,research report,Renewable Energy: Pricing & Demand update for Australia,Trade publication,2025-04-16,95,66
src-00618,req-0119,https://company.example/research/automotive/00618,industry source,Automotive: Market Size update for Southeast Asia,Financial press,2024-06-15,94,99
src-00619,req-0238,https://news.example/research/electric-vehicles/00619,news,Electric Vehicles: Competitor Movement update for Middle East,Financial press,2024-12-24,62,77
src-00620,req-0441,https://industry.example/research/semiconductors/00620,research report,Semiconductors: Partnerships update for India,Financial press,2025-03-06,63,65
src-00621,req-0171,https://regulator.example/research/consumer-goods/00621,regulatory,Consumer Goods: Operational Efficiency update for Southeast Asia,Trade publication,2024-10-19,85,95
src-00622,req-0019,https://company.example/research/automotive/00622,research report,Automotive: Pricing & Demand update for Japan,Financial press,2026-06-28,73,61
src-00623,req-0338,https://gov.example/research/e-commerce/00623,government,E-commerce: Partnerships update for Canada,Regulatory authority,2024-03-15,71,94
src-00624,req-0100,https://research.example/research/renewable-energy/00624,research report,Renewable Energy: Value Leakage update for Canada,Company filing,2024-10-29,64,84
src-00625,req-0141,https://industry.example/research/consumer-goods/00625,news,Consumer Goods: Customer Behavior update for Southeast Asia,Regulatory authority,2025-07-30,65,98
src-00626,req-0020,https://gov.example/research/banking/00626,industry source,Banking: Competitor Movement update for Australia,Industry association,2025-08-29,65,85
src-00627,req-0050,https://news.example/research/automotive/00627,industry source,Automotive: Operational Efficiency update for United Kingdom,Trade publication,2025-08-04,89,92
src-00628,req-0183,https://industry.example/research/fintech/00628,industry source,FinTech: Product Launches update for Southeast Asia,Company filing,2025-10-22,98,58
src-00629,req-0040,https://news.example/research/e-commerce/00629,news,E-commerce: Market Size update for Japan,Research publication,2026-08-09,95,91
src-00630,req-0043,https://company.example/research/generative-ai/00630,government,Generative AI: Competitor Movement update for Europe,Market data provider,2025-10-14,89,66
src-00631,req-0306,https://industry.example/research/consumer-goods/00631,government,Consumer Goods: Operational Efficiency update for Southeast Asia,Market data provider,2025-01-31,90,84
src-00632,req-0115,https://gov.example/research/generative-ai/00632,research report,Generative AI: Technology Adoption update for United States,Financial press,2024-12-31,87,99
src-00633,req-0196,https://regulator.example/research/healthcare-technology/00633,research report,Healthcare Technology: Operational Efficiency update for Southeast Asia,Financial press,2024-04-20,81,71
src-00634,req-0351,https://regulator.example/research/industrial-automation/00634,regulatory,Industrial Automation: Pricing & Demand update for United States,Market data provider,2026-02-04,93,72
src-00635,req-0334,https://regulator.example/research/renewable-energy/00635,government,Renewable Energy: Investment Trends update for Middle East,Regulatory authority,2025-04-10,90,64
src-00636,req-0016,https://company.example/research/industrial-automation/00636,government,Industrial Automation: Customer Behavior update for United Kingdom,Investor presentation,2026-06-25,93,64
src-00637,req-0178,https://news.example/research/cloud-computing/00637,news,Cloud Computing: Risk & Exposure update for United Kingdom,Government statistics,2024-05-03,94,95
src-00638,req-0009,https://company.example/research/renewable-energy/00638,government,Renewable Energy: Working Capital update for Global,Market data provider,2026-05-27,87,97
src-00639,req-0165,https://news.example/research/semiconductors/00639,research report,Semiconductors: Risk & Exposure update for Australia,Financial press,2024-02-02,71,80
src-00640,req-0065,https://company.example/research/automotive/00640,news,Automotive: Product Launches update for Global,Financial press,2025-11-11,73,92
src-00641,req-0277,https://company.example/research/fintech/00641,company source,FinTech: Investment Trends update for Japan,Government statistics,2024-08-15,75,98
src-00642,req-0093,https://industry.example/research/renewable-energy/00642,news,Renewable Energy: Investment Trends update for Australia,Industry association,2026-05-24,93,69
src-00643,req-0263,https://news.example/research/logistics/00643,regulatory,Logistics: Competitor Movement update for Europe,Investor presentation,2024-04-16,71,88
src-00644,req-0254,https://research.example/research/telecom/00644,company source,Telecom: Competitor Movement update for Canada,Market data provider,2025-06-18,63,62
src-00645,req-0051,https://gov.example/research/healthcare-technology/00645,company source,Healthcare Technology: Customer Behavior update for India,Government statistics,2024-05-24,74,80
src-00646,req-0004,https://company.example/research/cloud-computing/00646,news,Cloud Computing: Customer Behavior update for United States,Industry association,2024-08-07,97,97
src-00647,req-0046,https://gov.example/research/banking/00647,government,Banking: Investment Trends update for United Kingdom,Market data provider,2026-04-22,78,57
src-00648,req-0480,https://gov.example/research/fintech/00648,company source,FinTech: Pricing & Demand update for United Kingdom,Company newsroom,2026-07-15,83,98
src-00649,req-0164,https://gov.example/research/renewable-energy/00649,regulatory,Renewable Energy: Market Size update for United Kingdom,Company newsroom,2025-10-31,95,75
src-00650,req-0407,https://regulator.example/research/renewable-energy/00650,research report,Renewable Energy: Working Capital update for United States,Financial press,2024-02-06,62,62
src-00651,req-0364,https://industry.example/research/cybersecurity/00651,regulatory,Cybersecurity: Pricing & Demand update for Japan,Regulatory authority,2026-08-28,65,59
src-00652,req-0260,https://gov.example/research/cloud-computing/00652,research report,Cloud Computing: Regulation update for United States,Trade publication,2024-07-12,84,82
src-00653,req-0222,https://news.example/research/generative-ai/00653,regulatory,Generative AI: Pricing & Demand update for Europe,Regulatory authority,2025-09-17,70,91
src-00654,req-0330,https://research.example/research/electric-vehicles/00654,research report,Electric Vehicles: Market Size update for Middle East,Government statistics,2026-04-30,90,76
src-00655,req-0341,https://industry.example/research/telecom/00655,company source,Telecom: Operational Efficiency update for Japan,Regulatory authority,2024-09-22,68,80
src-00656,req-0247,https://regulator.example/research/cloud-computing/00656,government,Cloud Computing: Pricing & Demand update for Australia,Industry association,2026-07-18,62,79
src-00657,req-0412,https://regulator.example/research/healthcare-technology/00657,research report,Healthcare Technology: Value Leakage update for Southeast Asia,Financial press,2024-06-16,82,82
src-00658,req-0018,https://gov.example/research/cybersecurity/00658,regulatory,Cybersecurity: Technology Adoption update for Middle East,Market data provider,2025-12-24,63,91
src-00659,req-0319,https://regulator.example/research/cloud-computing/00659,industry source,Cloud Computing: Operational Efficiency update for Japan,Market data provider,2026-02-26,94,75
src-00660,req-0143,https://research.example/research/banking/00660,news,Banking: Product Launches update for Global,Investor presentation,2026-02-10,72,67
src-00661,req-0321,https://regulator.example/research/generative-ai/00661,industry source,Generative AI: Operational Efficiency update for Canada,Market data provider,2026-04-08,84,63
src-00662,req-0004,https://news.example/research/cloud-computing/00662,government,Cloud Computing: Technology Adoption update for United States,Regulatory authority,2024-04-01,64,89
src-00663,req-0197,https://company.example/research/healthcare-technology/00663,research report,Healthcare Technology: Customer Behavior update for Europe,Regulatory authority,2025-04-19,96,99
src-00664,req-0155,https://industry.example/research/electric-vehicles/00664,government,Electric Vehicles: Technology Adoption update for United States,Financial press,2026-03-14,96,81
src-00665,req-0024,https://company.example/research/cloud-computing/00665,regulatory,Cloud Computing: Market Growth update for Japan,Government statistics,2025-06-15,81,88
src-00666,req-0190,https://industry.example/research/automotive/00666,research report,Automotive: Pricing & Demand update for Southeast Asia,Research publication,2025-03-19,82,85
src-00667,req-0423,https://regulator.example/research/electric-vehicles/00667,regulatory,Electric Vehicles: Market Growth update for Southeast Asia,Company filing,2024-08-23,91,91
src-00668,req-0313,https://industry.example/research/consumer-goods/00668,company source,Consumer Goods: Regulation update for United Kingdom,Investor presentation,2026-05-06,67,62
src-00669,req-0257,https://regulator.example/research/industrial-automation/00669,regulatory,Industrial Automation: Technology Adoption update for Canada,Market data provider,2026-03-18,98,70
src-00670,req-0378,https://gov.example/research/healthcare-technology/00670,news,Healthcare Technology: Product Launches update for Japan,Investor presentation,2024-06-20,78,59
src-00671,req-0023,https://research.example/research/electric-vehicles/00671,research report,Electric Vehicles: Working Capital update for Canada,Investor presentation,2024-08-10,74,97
src-00672,req-0317,https://news.example/research/generative-ai/00672,research report,Generative AI: Market Size update for Japan,Regulatory authority,2024-02-27,78,90
src-00673,req-0298,https://news.example/research/automotive/00673,news,Automotive: Customer Behavior update for United Kingdom,Regulatory authority,2025-09-08,89,72
src-00674,req-0356,https://company.example/research/cybersecurity/00674,government,Cybersecurity: Market Size update for Canada,Trade publication,2026-07-02,70,63
src-00675,req-0106,https://regulator.example/research/renewable-energy/00675,industry source,Renewable Energy: Market Growth update for United Kingdom,Research publication,2025-03-03,83,77
src-00676,req-0312,https://gov.example/research/electric-vehicles/00676,research report,Electric Vehicles: Competitor Movement update for Australia,Research publication,2024-05-28,75,69
src-00677,req-0001,https://regulator.example/research/industrial-automation/00677,research report,Industrial Automation: Risk & Exposure update for Southeast Asia,Company newsroom,2026-07-20,92,96
src-00678,req-0448,https://research.example/research/fintech/00678,news,FinTech: Market Size update for Global,Financial press,2026-04-09,84,98
src-00679,req-0433,https://gov.example/research/generative-ai/00679,company source,Generative AI: Pricing & Demand update for Southeast Asia,Regulatory authority,2024-12-13,74,55
src-00680,req-0196,https://news.example/research/healthcare-technology/00680,research report,Healthcare Technology: Market Growth update for Southeast Asia,Financial press,2025-05-21,76,94
src-00681,req-0188,https://regulator.example/research/consumer-goods/00681,industry source,Consumer Goods: Customer Behavior update for United Kingdom,Investor presentation,2026-03-06,82,61
src-00682,req-0346,https://company.example/research/semiconductors/00682,industry source,Semiconductors: Investment Trends update for Australia,Industry association,2025-02-16,89,56
src-00683,req-0460,https://company.example/research/e-commerce/00683,government,E-commerce: Operational Efficiency update for Canada,Company filing,2024-12-05,92,91
src-00684,req-0373,https://gov.example/research/renewable-energy/00684,government,Renewable Energy: Value Leakage update for Australia,Investor presentation,2026-02-10,82,88
src-00685,req-0126,https://company.example/research/e-commerce/00685,industry source,E-commerce: Value Leakage update for Australia,Trade publication,2026-06-02,99,83
src-00686,req-0104,https://news.example/research/e-commerce/00686,company source,E-commerce: Investment Trends update for United States,Research publication,2026-01-19,85,66
src-00687,req-0131,https://news.example/research/banking/00687,news,Banking: Supply Chain update for Global,Company newsroom,2025-03-31,93,74
src-00688,req-0159,https://industry.example/research/electric-vehicles/00688,industry source,Electric Vehicles: Partnerships update for Australia,Industry association,2024-05-29,91,93
src-00689,req-0162,https://regulator.example/research/automotive/00689,industry source,Automotive: Competitor Movement update for Middle East,Financial press,2024-07-24,68,91
src-00690,req-0484,https://gov.example/research/fintech/00690,industry source,FinTech: Regulation update for Global,Market data provider,2026-06-15,94,71
src-00691,req-0244,https://research.example/research/cloud-computing/00691,industry source,Cloud Computing: Market Size update for Southeast Asia,Financial press,2025-05-01,75,73
src-00692,req-0041,https://industry.example/research/renewable-energy/00692,company source,Renewable Energy: Working Capital update for Europe,Company newsroom,2024-04-11,89,96
src-00693,req-0097,https://company.example/research/banking/00693,industry source,Banking: Technology Adoption update for Australia,Research publication,2024-07-29,88,91
src-00694,req-0406,https://industry.example/research/logistics/00694,industry source,Logistics: Regulation update for India,Company filing,2026-08-06,99,98
src-00695,req-0496,https://gov.example/research/cybersecurity/00695,regulatory,Cybersecurity: Product Launches update for Southeast Asia,Company filing,2024-10-01,72,66
src-00696,req-0221,https://industry.example/research/telecom/00696,regulatory,Telecom: Pricing & Demand update for United Kingdom,Industry association,2025-07-21,94,63
src-00697,req-0482,https://gov.example/research/consumer-goods/00697,regulatory,Consumer Goods: Market Growth update for India,Regulatory authority,2026-05-23,91,79
src-00698,req-0454,https://news.example/research/cloud-computing/00698,industry source,Cloud Computing: Risk & Exposure update for India,Investor presentation,2024-11-09,72,96
src-00699,req-0054,https://news.example/research/banking/00699,research report,Banking: Value Leakage update for United States,Government statistics,2024-03-08,85,56
src-00700,req-0155,https://news.example/research/electric-vehicles/00700,government,Electric Vehicles: Investment Trends update for United States,Industry association,2025-05-21,88,75
src-00701,req-0111,https://gov.example/research/generative-ai/00701,research report,Generative AI: Investment Trends update for Japan,Financial press,2025-10-18,82,82
src-00702,req-0373,https://regulator.example/research/renewable-energy/00702,company source,Renewable Energy: Market Size update for Australia,Financial press,2025-01-10,92,85
src-00703,req-0417,https://regulator.example/research/generative-ai/00703,research report,Generative AI: Product Launches update for United States,Company filing,2024-05-05,89,80
src-00704,req-0499,https://gov.example/research/automotive/00704,company source,Automotive: Market Growth update for United States,Research publication,2025-10-27,78,55
src-00705,req-0368,https://regulator.example/research/renewable-energy/00705,research report,Renewable Energy: Customer Behavior update for Europe,Regulatory authority,2025-07-08,91,67
src-00706,req-0240,https://regulator.example/research/e-commerce/00706,government,E-commerce: Regulation update for Global,Government statistics,2024-11-22,92,74
src-00707,req-0413,https://company.example/research/automotive/00707,government,Automotive: Value Leakage update for Australia,Company filing,2025-07-19,63,55
src-00708,req-0306,https://gov.example/research/consumer-goods/00708,news,Consumer Goods: Pricing & Demand update for Southeast Asia,Market data provider,2026-04-13,97,96
src-00709,req-0136,https://company.example/research/automotive/00709,research report,Automotive: Regulation update for Japan,Market data provider,2024-01-26,88,66
src-00710,req-0304,https://company.example/research/fintech/00710,company source,FinTech: Investment Trends update for Middle East,Research publication,2025-05-25,77,73
src-00711,req-0173,https://regulator.example/research/consumer-goods/00711,regulatory,Consumer Goods: Investment Trends update for United Kingdom,Industry association,2026-08-20,63,61
src-00712,req-0026,https://company.example/research/automotive/00712,research report,Automotive: Partnerships update for Canada,Regulatory authority,2024-03-13,85,83
src-00713,req-0437,https://gov.example/research/automotive/00713,company source,Automotive: Technology Adoption update for Europe,Trade publication,2024-06-01,98,76
src-00714,req-0292,https://gov.example/research/consumer-goods/00714,regulatory,Consumer Goods: Competitor Movement update for United States,Financial press,2025-04-30,72,70
src-00715,req-0070,https://industry.example/research/semiconductors/00715,company source,Semiconductors: Partnerships update for Canada,Regulatory authority,2026-04-09,93,79
src-00716,req-0130,https://gov.example/research/renewable-energy/00716,regulatory,Renewable Energy: Regulation update for Middle East,Company newsroom,2024-05-27,86,60
src-00717,req-0323,https://gov.example/research/automotive/00717,news,Automotive: Market Size update for United Kingdom,Government statistics,2026-07-31,96,73
src-00718,req-0314,https://company.example/research/e-commerce/00718,research report,E-commerce: Technology Adoption update for Global,Government statistics,2024-01-05,95,81
src-00719,req-0231,https://regulator.example/research/consumer-goods/00719,government,Consumer Goods: Market Size update for Global,Financial press,2024-07-12,77,87
src-00720,req-0122,https://news.example/research/fintech/00720,industry source,FinTech: Partnerships update for Global,Company newsroom,2024-09-27,97,98
src-00721,req-0095,https://industry.example/research/fintech/00721,government,FinTech: Market Growth update for India,Government statistics,2024-07-07,65,83
src-00722,req-0099,https://gov.example/research/e-commerce/00722,research report,E-commerce: Pricing & Demand update for Japan,Industry association,2025-08-24,96,87
src-00723,req-0192,https://research.example/research/automotive/00723,company source,Automotive: Technology Adoption update for Global,Industry association,2025-03-15,86,90
src-00724,req-0303,https://gov.example/research/banking/00724,research report,Banking: Regulation update for Europe,Industry association,2025-06-12,63,89
src-00725,req-0255,https://company.example/research/healthcare-technology/00725,government,Healthcare Technology: Regulation update for Middle East,Trade publication,2025-12-05,90,87
src-00726,req-0389,https://company.example/research/semiconductors/00726,government,Semiconductors: Investment Trends update for Southeast Asia,Trade publication,2026-02-05,62,94
src-00727,req-0443,https://news.example/research/semiconductors/00727,regulatory,Semiconductors: Operational Efficiency update for Canada,Government statistics,2026-02-28,79,70
src-00728,req-0015,https://regulator.example/research/e-commerce/00728,regulatory,E-commerce: Product Launches update for United States,Industry association,2024-04-06,63,77
src-00729,req-0498,https://research.example/research/fintech/00729,government,FinTech: Customer Behavior update for Australia,Research publication,2025-09-08,87,59
src-00730,req-0387,https://regulator.example/research/telecom/00730,research report,Telecom: Technology Adoption update for Japan,Regulatory authority,2026-07-16,90,88
src-00731,req-0127,https://research.example/research/generative-ai/00731,regulatory,Generative AI: Market Growth update for India,Market data provider,2025-08-23,86,85
src-00732,req-0356,https://research.example/research/cybersecurity/00732,news,Cybersecurity: Product Launches update for Canada,Industry association,2025-10-21,99,75
src-00733,req-0206,https://research.example/research/cybersecurity/00733,industry source,Cybersecurity: Partnerships update for Japan,Investor presentation,2024-12-05,89,77
src-00734,req-0321,https://industry.example/research/generative-ai/00734,news,Generative AI: Regulation update for Canada,Government statistics,2024-06-08,88,65
src-00735,req-0454,https://research.example/research/cloud-computing/00735,government,Cloud Computing: Investment Trends update for India,Financial press,2026-06-05,68,65
src-00736,req-0247,https://news.example/research/cloud-computing/00736,government,Cloud Computing: Working Capital update for Australia,Company newsroom,2024-01-17,65,87
src-00737,req-0432,https://gov.example/research/fintech/00737,research report,FinTech: Competitor Movement update for Europe,Regulatory authority,2026-04-06,70,86
src-00738,req-0290,https://company.example/research/banking/00738,government,Banking: Regulation update for Middle East,Investor presentation,2026-01-19,95,76
src-00739,req-0065,https://regulator.example/research/automotive/00739,research report,Automotive: Competitor Movement update for Global,Investor presentation,2026-07-19,62,60
src-00740,req-0356,https://news.example/research/cybersecurity/00740,news,Cybersecurity: Supply Chain update for Canada,Trade publication,2024-02-12,67,92
src-00741,req-0336,https://research.example/research/generative-ai/00741,news,Generative AI: Market Size update for Global,Research publication,2024-08-07,67,58
src-00742,req-0471,https://industry.example/research/semiconductors/00742,research report,Semiconductors: Partnerships update for Europe,Market data provider,2025-10-05,62,82
src-00743,req-0240,https://industry.example/research/e-commerce/00743,news,E-commerce: Working Capital update for Global,Government statistics,2025-08-30,85,69
src-00744,req-0105,https://research.example/research/renewable-energy/00744,news,Renewable Energy: Operational Efficiency update for Japan,Company newsroom,2024-03-23,82,92
src-00745,req-0153,https://company.example/research/e-commerce/00745,news,E-commerce: Market Size update for Southeast Asia,Company filing,2024-09-17,81,90
src-00746,req-0045,https://gov.example/research/generative-ai/00746,industry source,Generative AI: Market Growth update for United States,Research publication,2025-12-07,86,60
src-00747,req-0248,https://gov.example/research/logistics/00747,government,Logistics: Supply Chain update for Global,Industry association,2025-11-04,70,89
src-00748,req-0074,https://industry.example/research/e-commerce/00748,news,E-commerce: Customer Behavior update for Global,Financial press,2025-08-30,93,73
src-00749,req-0091,https://industry.example/research/generative-ai/00749,company source,Generative AI: Market Size update for Japan,Financial press,2025-05-10,85,87
src-00750,req-0058,https://news.example/research/consumer-goods/00750,research report,Consumer Goods: Market Growth update for Global,Research publication,2026-08-06,76,57
src-00751,req-0448,https://research.example/research/fintech/00751,research report,FinTech: Value Leakage update for Global,Company filing,2026-01-30,65,55
src-00752,req-0487,https://company.example/research/generative-ai/00752,government,Generative AI: Supply Chain update for Canada,Industry association,2025-03-28,80,91
src-00753,req-0176,https://gov.example/research/generative-ai/00753,regulatory,Generative AI: Market Growth update for Southeast Asia,Industry association,2025-09-30,95,68
src-00754,req-0327,https://research.example/research/cybersecurity/00754,news,Cybersecurity: Market Size update for India,Trade publication,2026-03-21,72,88
src-00755,req-0421,https://gov.example/research/consumer-goods/00755,regulatory,Consumer Goods: Regulation update for Japan,Financial press,2024-10-19,92,78
src-00756,req-0247,https://industry.example/research/cloud-computing/00756,regulatory,Cloud Computing: Customer Behavior update for Australia,Investor presentation,2025-01-04,97,65
src-00757,req-0140,https://regulator.example/research/renewable-energy/00757,government,Renewable Energy: Competitor Movement update for Australia,Investor presentation,2024-11-07,76,67
src-00758,req-0069,https://news.example/research/cybersecurity/00758,industry source,Cybersecurity: Technology Adoption update for Japan,Market data provider,2026-08-03,85,88
src-00759,req-0286,https://research.example/research/e-commerce/00759,government,E-commerce: Market Size update for Europe,Company filing,2026-05-21,97,81
src-00760,req-0495,https://news.example/research/fintech/00760,news,FinTech: Partnerships update for Japan,Government statistics,2024-11-02,98,62
src-00761,req-0336,https://company.example/research/generative-ai/00761,news,Generative AI: Regulation update for Global,Financial press,2025-10-18,76,69
src-00762,req-0082,https://regulator.example/research/industrial-automation/00762,research report,Industrial Automation: Pricing & Demand update for Canada,Investor presentation,2026-01-30,82,76
src-00763,req-0222,https://regulator.example/research/generative-ai/00763,company source,Generative AI: Value Leakage update for Europe,Company filing,2026-03-13,88,93
src-00764,req-0295,https://gov.example/research/logistics/00764,research report,Logistics: Customer Behavior update for Europe,Company filing,2026-03-31,63,79
src-00765,req-0431,https://regulator.example/research/cloud-computing/00765,regulatory,Cloud Computing: Working Capital update for Australia,Industry association,2026-06-19,77,69
src-00766,req-0162,https://research.example/research/automotive/00766,government,Automotive: Investment Trends update for Middle East,Market data provider,2025-08-10,68,85
src-00767,req-0475,https://news.example/research/cloud-computing/00767,news,Cloud Computing: Working Capital update for Middle East,Market data provider,2024-04-29,96,81
src-00768,req-0489,https://news.example/research/e-commerce/00768,news,E-commerce: Investment Trends update for Global,Government statistics,2025-12-23,95,98
src-00769,req-0479,https://news.example/research/healthcare-technology/00769,regulatory,Healthcare Technology: Product Launches update for United Kingdom,Investor presentation,2025-06-27,81,69
src-00770,req-0060,https://regulator.example/research/banking/00770,government,Banking: Operational Efficiency update for United Kingdom,Company newsroom,2025-08-16,93,60
src-00771,req-0491,https://industry.example/research/automotive/00771,industry source,Automotive: Technology Adoption update for Australia,Company newsroom,2024-10-11,98,96
src-00772,req-0463,https://research.example/research/automotive/00772,company source,Automotive: Operational Efficiency update for India,Market data provider,2024-12-20,91,85
src-00773,req-0197,https://news.example/research/healthcare-technology/00773,regulatory,Healthcare Technology: Market Growth update for Europe,Market data provider,2024-12-12,96,94
src-00774,req-0324,https://gov.example/research/renewable-energy/00774,news,Renewable Energy: Working Capital update for United Kingdom,Financial press,2025-12-09,66,96
src-00775,req-0195,https://gov.example/research/cloud-computing/00775,industry source,Cloud Computing: Value Leakage update for Global,Market data provider,2026-01-10,81,87
src-00776,req-0312,https://research.example/research/electric-vehicles/00776,research report,Electric Vehicles: Supply Chain update for Australia,Investor presentation,2024-11-02,95,78
src-00777,req-0328,https://industry.example/research/logistics/00777,company source,Logistics: Pricing & Demand update for India,Investor presentation,2024-10-17,97,97
src-00778,req-0099,https://research.example/research/e-commerce/00778,government,E-commerce: Customer Behavior update for Japan,Investor presentation,2026-06-09,97,59
src-00779,req-0405,https://industry.example/research/automotive/00779,company source,Automotive: Supply Chain update for United States,Government statistics,2024-06-02,74,91
src-00780,req-0149,https://company.example/research/renewable-energy/00780,research report,Renewable Energy: Investment Trends update for United Kingdom,Market data provider,2024-10-04,99,66
src-00781,req-0036,https://regulator.example/research/banking/00781,regulatory,Banking: Risk & Exposure update for Japan,Market data provider,2025-08-16,79,74
src-00782,req-0361,https://company.example/research/consumer-goods/00782,industry source,Consumer Goods: Value Leakage update for United States,Government statistics,2025-03-10,91,97
src-00783,req-0435,https://research.example/research/semiconductors/00783,regulatory,Semiconductors: Regulation update for India,Market data provider,2026-08-06,91,55
src-00784,req-0485,https://gov.example/research/automotive/00784,government,Automotive: Market Growth update for Middle East,Regulatory authority,2025-06-18,79,98
src-00785,req-0278,https://regulator.example/research/automotive/00785,government,Automotive: Pricing & Demand update for Canada,Company newsroom,2024-04-01,66,73
src-00786,req-0162,https://industry.example/research/automotive/00786,company source,Automotive: Risk & Exposure update for Middle East,Financial press,2024-01-23,84,68
src-00787,req-0214,https://gov.example/research/logistics/00787,news,Logistics: Supply Chain update for Middle East,Company newsroom,2024-02-24,97,70
src-00788,req-0183,https://industry.example/research/fintech/00788,government,FinTech: Value Leakage update for Southeast Asia,Financial press,2024-09-05,84,92
src-00789,req-0372,https://research.example/research/semiconductors/00789,industry source,Semiconductors: Product Launches update for Australia,Company newsroom,2024-04-26,73,80
src-00790,req-0468,https://regulator.example/research/e-commerce/00790,research report,E-commerce: Technology Adoption update for Southeast Asia,Company newsroom,2026-02-07,75,72
src-00791,req-0401,https://regulator.example/research/cloud-computing/00791,news,Cloud Computing: Pricing & Demand update for Australia,Research publication,2026-08-20,65,56
src-00792,req-0362,https://gov.example/research/e-commerce/00792,company source,E-commerce: Market Growth update for Global,Company newsroom,2026-01-25,74,77
src-00793,req-0187,https://regulator.example/research/fintech/00793,research report,FinTech: Value Leakage update for Australia,Trade publication,2024-08-18,93,58
src-00794,req-0126,https://research.example/research/e-commerce/00794,regulatory,E-commerce: Product Launches update for Australia,Trade publication,2025-07-06,86,70
src-00795,req-0186,https://industry.example/research/automotive/00795,regulatory,Automotive: Risk & Exposure update for India,Market data provider,2024-01-23,64,67
src-00796,req-0430,https://company.example/research/fintech/00796,industry source,FinTech: Pricing & Demand update for Japan,Market data provider,2025-09-05,78,92
src-00797,req-0244,https://industry.example/research/cloud-computing/00797,news,Cloud Computing: Risk & Exposure update for Southeast Asia,Regulatory authority,2024-12-22,64,90
src-00798,req-0373,https://research.example/research/renewable-energy/00798,government,Renewable Energy: Working Capital update for Australia,Investor presentation,2024-07-17,99,97
src-00799,req-0195,https://research.example/research/cloud-computing/00799,government,Cloud Computing: Regulation update for Global,Company newsroom,2026-07-10,77,89
src-00800,req-0295,https://research.example/research/logistics/00800,government,Logistics: Investment Trends update for Europe,Research publication,2025-01-27,70,88
src-00801,req-0028,https://regulator.example/research/automotive/00801,news,Automotive: Market Size update for United Kingdom,Market data provider,2024-05-10,62,89
src-00802,req-0102,https://news.example/research/logistics/00802,research report,Logistics: Market Growth update for Europe,Research publication,2024-08-24,80,76
src-00803,req-0273,https://regulator.example/research/logistics/00803,company source,Logistics: Market Size update for Middle East,Government statistics,2026-07-08,74,99
src-00804,req-0215,https://company.example/research/industrial-automation/00804,company source,Industrial Automation: Market Growth update for Middle East,Research publication,2025-05-30,68,73
src-00805,req-0249,https://news.example/research/generative-ai/00805,company source,Generative AI: Investment Trends update for India,Trade publication,2024-12-03,75,70
src-00806,req-0464,https://company.example/research/automotive/00806,news,Automotive: Value Leakage update for Japan,Financial press,2024-11-17,94,57
src-00807,req-0025,https://research.example/research/semiconductors/00807,company source,Semiconductors: Working Capital update for Australia,Market data provider,2024-09-30,99,56
src-00808,req-0129,https://news.example/research/banking/00808,industry source,Banking: Partnerships update for Southeast Asia,Regulatory authority,2025-09-03,84,75
src-00809,req-0465,https://company.example/research/automotive/00809,regulatory,Automotive: Technology Adoption update for Japan,Company filing,2025-07-02,89,70
src-00810,req-0292,https://gov.example/research/consumer-goods/00810,research report,Consumer Goods: Partnerships update for United States,Research publication,2024-09-17,78,72
src-00811,req-0219,https://gov.example/research/telecom/00811,regulatory,Telecom: Operational Efficiency update for United States,Company newsroom,2026-04-12,96,96
src-00812,req-0083,https://news.example/research/consumer-goods/00812,industry source,Consumer Goods: Operational Efficiency update for Canada,Trade publication,2025-06-17,68,77
src-00813,req-0006,https://gov.example/research/generative-ai/00813,news,Generative AI: Value Leakage update for Canada,Financial press,2025-10-10,89,60
src-00814,req-0338,https://company.example/research/e-commerce/00814,industry source,E-commerce: Risk & Exposure update for Canada,Market data provider,2026-02-03,85,65
src-00815,req-0430,https://news.example/research/fintech/00815,regulatory,FinTech: Product Launches update for Japan,Company newsroom,2025-02-28,86,70
src-00816,req-0012,https://news.example/research/electric-vehicles/00816,research report,Electric Vehicles: Investment Trends update for Australia,Market data provider,2026-07-02,70,96
src-00817,req-0252,https://company.example/research/healthcare-technology/00817,regulatory,Healthcare Technology: Pricing & Demand update for Europe,Market data provider,2025-03-24,70,90
src-00818,req-0311,https://company.example/research/telecom/00818,regulatory,Telecom: Risk & Exposure update for Middle East,Government statistics,2024-05-05,95,58
src-00819,req-0117,https://regulator.example/research/automotive/00819,news,Automotive: Competitor Movement update for Southeast Asia,Regulatory authority,2024-10-24,98,82
src-00820,req-0367,https://news.example/research/banking/00820,research report,Banking: Pricing & Demand update for United States,Investor presentation,2024-09-09,99,87
src-00821,req-0076,https://news.example/research/cloud-computing/00821,regulatory,Cloud Computing: Competitor Movement update for Japan,Government statistics,2024-11-06,68,56
src-00822,req-0115,https://industry.example/research/generative-ai/00822,news,Generative AI: Operational Efficiency update for United States,Government statistics,2026-08-21,91,84
src-00823,req-0321,https://news.example/research/generative-ai/00823,government,Generative AI: Technology Adoption update for Canada,Government statistics,2025-08-25,73,71
src-00824,req-0297,https://company.example/research/banking/00824,research report,Banking: Risk & Exposure update for Australia,Research publication,2026-08-08,62,55
src-00825,req-0095,https://gov.example/research/fintech/00825,government,FinTech: Risk & Exposure update for India,Regulatory authority,2025-02-17,79,90
src-00826,req-0287,https://company.example/research/renewable-energy/00826,research report,Renewable Energy: Regulation update for Japan,Investor presentation,2026-04-24,81,59
src-00827,req-0057,https://news.example/research/cloud-computing/00827,company source,Cloud Computing: Supply Chain update for Southeast Asia,Investor presentation,2025-10-27,70,68
src-00828,req-0279,https://company.example/research/fintech/00828,industry source,FinTech: Risk & Exposure update for United States,Trade publication,2026-05-17,89,65
src-00829,req-0035,https://gov.example/research/logistics/00829,regulatory,Logistics: Working Capital update for Europe,Research publication,2026-03-20,65,74
src-00830,req-0256,https://gov.example/research/automotive/00830,news,Automotive: Product Launches update for Southeast Asia,Regulatory authority,2025-09-10,68,74
src-00831,req-0051,https://company.example/research/healthcare-technology/00831,news,Healthcare Technology: Product Launches update for India,Trade publication,2026-03-12,69,86
src-00832,req-0298,https://industry.example/research/automotive/00832,government,Automotive: Competitor Movement update for United Kingdom,Market data provider,2026-02-18,68,98
src-00833,req-0410,https://news.example/research/telecom/00833,research report,Telecom: Supply Chain update for India,Trade publication,2024-07-13,81,84
src-00834,req-0495,https://research.example/research/fintech/00834,government,FinTech: Operational Efficiency update for Japan,Government statistics,2024-11-14,64,73
src-00835,req-0399,https://company.example/research/industrial-automation/00835,government,Industrial Automation: Market Size update for Middle East,Market data provider,2026-04-25,79,89
src-00836,req-0352,https://news.example/research/logistics/00836,industry source,Logistics: Supply Chain update for Japan,Regulatory authority,2024-01-14,97,67
src-00837,req-0465,https://regulator.example/research/automotive/00837,industry source,Automotive: Risk & Exposure update for Japan,Research publication,2024-07-14,62,76
src-00838,req-0338,https://company.example/research/e-commerce/00838,industry source,E-commerce: Competitor Movement update for Canada,Market data provider,2026-05-14,64,72
src-00839,req-0114,https://gov.example/research/automotive/00839,regulatory,Automotive: Market Size update for India,Company filing,2025-07-10,79,88
src-00840,req-0208,https://gov.example/research/semiconductors/00840,news,Semiconductors: Customer Behavior update for Japan,Investor presentation,2024-04-24,89,79
src-00841,req-0090,https://research.example/research/renewable-energy/00841,company source,Renewable Energy: Partnerships update for United States,Investor presentation,2024-08-18,98,62
src-00842,req-0047,https://news.example/research/banking/00842,company source,Banking: Supply Chain update for Southeast Asia,Investor presentation,2024-09-30,90,62
src-00843,req-0256,https://industry.example/research/automotive/00843,news,Automotive: Product Launches update for Southeast Asia,Company newsroom,2026-05-21,71,69
src-00844,req-0362,https://gov.example/research/e-commerce/00844,research report,E-commerce: Pricing & Demand update for Global,Research publication,2024-06-10,72,77
src-00845,req-0164,https://research.example/research/renewable-energy/00845,research report,Renewable Energy: Supply Chain update for United Kingdom,Financial press,2025-03-03,79,94
src-00846,req-0245,https://company.example/research/automotive/00846,government,Automotive: Operational Efficiency update for Australia,Market data provider,2026-04-10,63,84
src-00847,req-0071,https://gov.example/research/cloud-computing/00847,research report,Cloud Computing: Customer Behavior update for India,Regulatory authority,2025-07-19,80,61
src-00848,req-0378,https://news.example/research/healthcare-technology/00848,industry source,Healthcare Technology: Customer Behavior update for Japan,Government statistics,2024-11-02,99,71
src-00849,req-0057,https://news.example/research/cloud-computing/00849,news,Cloud Computing: Investment Trends update for Southeast Asia,Trade publication,2024-07-03,91,79
src-00850,req-0192,https://gov.example/research/automotive/00850,research report,Automotive: Market Size update for Global,Company newsroom,2024-12-07,69,86
src-00851,req-0111,https://company.example/research/generative-ai/00851,government,Generative AI: Competitor Movement update for Japan,Government statistics,2024-06-10,83,67
src-00852,req-0416,https://industry.example/research/fintech/00852,company source,FinTech: Partnerships update for Europe,Market data provider,2025-10-14,87,63
src-00853,req-0209,https://regulator.example/research/consumer-goods/00853,research report,Consumer Goods: Working Capital update for Australia,Company newsroom,2025-09-02,92,74
src-00854,req-0482,https://industry.example/research/consumer-goods/00854,government,Consumer Goods: Regulation update for India,Government statistics,2024-04-04,74,64
src-00855,req-0374,https://news.example/research/logistics/00855,news,Logistics: Investment Trends update for Middle East,Trade publication,2025-03-03,90,79
src-00856,req-0242,https://research.example/research/industrial-automation/00856,company source,Industrial Automation: Risk & Exposure update for Canada,Government statistics,2024-08-09,88,78
src-00857,req-0268,https://company.example/research/electric-vehicles/00857,research report,Electric Vehicles: Partnerships update for India,Government statistics,2024-09-25,95,99
src-00858,req-0092,https://regulator.example/research/automotive/00858,regulatory,Automotive: Operational Efficiency update for India,Market data provider,2024-09-09,96,88
src-00859,req-0363,https://news.example/research/automotive/00859,government,Automotive: Market Growth update for India,Market data provider,2026-03-14,81,95
src-00860,req-0151,https://regulator.example/research/industrial-automation/00860,industry source,Industrial Automation: Technology Adoption update for Canada,Government statistics,2026-05-29,68,86
src-00861,req-0447,https://industry.example/research/cybersecurity/00861,industry source,Cybersecurity: Regulation update for Australia,Government statistics,2024-07-11,82,67
src-00862,req-0362,https://industry.example/research/e-commerce/00862,industry source,E-commerce: Supply Chain update for Global,Research publication,2024-12-14,75,86
src-00863,req-0297,https://research.example/research/banking/00863,company source,Banking: Market Growth update for Australia,Regulatory authority,2024-01-15,65,78
src-00864,req-0262,https://gov.example/research/fintech/00864,regulatory,FinTech: Working Capital update for United Kingdom,Investor presentation,2024-04-25,63,60
src-00865,req-0339,https://industry.example/research/automotive/00865,industry source,Automotive: Competitor Movement update for Southeast Asia,Company filing,2026-04-19,77,83
src-00866,req-0367,https://regulator.example/research/banking/00866,regulatory,Banking: Supply Chain update for United States,Research publication,2024-07-23,64,60
src-00867,req-0120,https://industry.example/research/e-commerce/00867,research report,E-commerce: Supply Chain update for Japan,Regulatory authority,2025-05-02,81,70
src-00868,req-0253,https://company.example/research/fintech/00868,regulatory,FinTech: Pricing & Demand update for Southeast Asia,Industry association,2024-12-29,95,77
src-00869,req-0198,https://company.example/research/consumer-goods/00869,company source,Consumer Goods: Supply Chain update for Japan,Research publication,2024-02-03,79,78
src-00870,req-0182,https://research.example/research/healthcare-technology/00870,government,Healthcare Technology: Competitor Movement update for India,Trade publication,2025-01-11,74,99
src-00871,req-0028,https://company.example/research/automotive/00871,industry source,Automotive: Competitor Movement update for United Kingdom,Regulatory authority,2025-11-24,87,85
src-00872,req-0265,https://news.example/research/semiconductors/00872,government,Semiconductors: Product Launches update for Global,Government statistics,2024-06-01,81,92
src-00873,req-0335,https://company.example/research/cybersecurity/00873,government,Cybersecurity: Product Launches update for India,Industry association,2026-03-22,97,55
src-00874,req-0211,https://regulator.example/research/renewable-energy/00874,news,Renewable Energy: Operational Efficiency update for Europe,Company filing,2024-05-17,83,77
src-00875,req-0416,https://research.example/research/fintech/00875,research report,FinTech: Investment Trends update for Europe,Investor presentation,2024-07-22,83,94
src-00876,req-0335,https://research.example/research/cybersecurity/00876,news,Cybersecurity: Customer Behavior update for India,Market data provider,2025-03-10,76,98
src-00877,req-0367,https://company.example/research/banking/00877,research report,Banking: Market Size update for United States,Trade publication,2024-10-22,87,98
src-00878,req-0361,https://gov.example/research/consumer-goods/00878,news,Consumer Goods: Regulation update for United States,Industry association,2025-01-08,70,56
src-00879,req-0260,https://research.example/research/cloud-computing/00879,news,Cloud Computing: Regulation update for United States,Trade publication,2025-11-17,80,57
src-00880,req-0194,https://gov.example/research/cloud-computing/00880,government,Cloud Computing: Risk & Exposure update for India,Financial press,2024-12-26,90,94
src-00881,req-0297,https://research.example/research/banking/00881,industry source,Banking: Operational Efficiency update for Australia,Industry association,2024-03-03,88,77
src-00882,req-0369,https://company.example/research/semiconductors/00882,research report,Semiconductors: Supply Chain update for Southeast Asia,Industry association,2024-04-13,64,81
src-00883,req-0353,https://regulator.example/research/healthcare-technology/00883,industry source,Healthcare Technology: Working Capital update for Southeast Asia,Regulatory authority,2025-02-08,82,61
src-00884,req-0444,https://research.example/research/fintech/00884,government,FinTech: Customer Behavior update for Canada,Financial press,2024-02-10,77,90
src-00885,req-0418,https://industry.example/research/automotive/00885,company source,Automotive: Market Size update for Australia,Market data provider,2026-05-05,96,65
src-00886,req-0192,https://company.example/research/automotive/00886,news,Automotive: Risk & Exposure update for Global,Regulatory authority,2024-10-19,93,95
src-00887,req-0449,https://research.example/research/electric-vehicles/00887,news,Electric Vehicles: Value Leakage update for Middle East,Regulatory authority,2025-12-26,99,96
src-00888,req-0385,https://company.example/research/automotive/00888,news,Automotive: Customer Behavior update for Middle East,Company filing,2024-05-16,62,94
src-00889,req-0473,https://industry.example/research/healthcare-technology/00889,news,Healthcare Technology: Risk & Exposure update for Europe,Company filing,2026-02-12,83,86
src-00890,req-0185,https://company.example/research/renewable-energy/00890,government,Renewable Energy: Risk & Exposure update for Australia,Financial press,2025-03-13,65,69
src-00891,req-0266,https://gov.example/research/logistics/00891,regulatory,Logistics: Investment Trends update for Europe,Market data provider,2026-05-08,95,89
src-00892,req-0003,https://news.example/research/automotive/00892,research report,Automotive: Market Size update for Japan,Company newsroom,2026-02-18,85,95
src-00893,req-0114,https://news.example/research/automotive/00893,news,Automotive: Product Launches update for India,Government statistics,2026-01-22,66,75
src-00894,req-0276,https://company.example/research/e-commerce/00894,news,E-commerce: Regulation update for Southeast Asia,Regulatory authority,2024-06-15,65,59
src-00895,req-0337,https://regulator.example/research/generative-ai/00895,research report,Generative AI: Partnerships update for Canada,Market data provider,2024-06-12,89,77
src-00896,req-0366,https://research.example/research/banking/00896,industry source,Banking: Investment Trends update for Japan,Government statistics,2026-01-15,73,99
src-00897,req-0462,https://news.example/research/cloud-computing/00897,research report,Cloud Computing: Pricing & Demand update for Southeast Asia,Trade publication,2025-07-26,62,84
src-00898,req-0046,https://company.example/research/banking/00898,government,Banking: Market Growth update for United Kingdom,Company newsroom,2025-09-16,79,64
src-00899,req-0095,https://company.example/research/fintech/00899,company source,FinTech: Risk & Exposure update for India,Financial press,2026-08-16,93,71
src-00900,req-0124,https://news.example/research/cloud-computing/00900,news,Cloud Computing: Market Growth update for Canada,Government statistics,2024-05-08,74,56
src-00901,req-0047,https://industry.example/research/banking/00901,news,Banking: Pricing & Demand update for Southeast Asia,Government statistics,2024-01-25,96,83
src-00902,req-0005,https://regulator.example/research/industrial-automation/00902,government,Industrial Automation: Technology Adoption update for Australia,Investor presentation,2025-07-30,64,78
src-00903,req-0153,https://regulator.example/research/e-commerce/00903,news,E-commerce: Partnerships update for Southeast Asia,Company filing,2024-03-17,90,75
src-00904,req-0235,https://regulator.example/research/healthcare-technology/00904,research report,Healthcare Technology: Working Capital update for Middle East,Company newsroom,2025-12-06,98,67
src-00905,req-0055,https://news.example/research/cloud-computing/00905,company source,Cloud Computing: Product Launches update for India,Financial press,2025-05-12,82,69
src-00906,req-0043,https://industry.example/research/generative-ai/00906,regulatory,Generative AI: Risk & Exposure update for Europe,Company filing,2025-02-27,73,88
src-00907,req-0125,https://regulator.example/research/banking/00907,news,Banking: Product Launches update for Japan,Research publication,2025-09-24,95,86
src-00908,req-0254,https://company.example/research/telecom/00908,regulatory,Telecom: Risk & Exposure update for Canada,Company filing,2026-04-14,68,66
src-00909,req-0128,https://regulator.example/research/semiconductors/00909,regulatory,Semiconductors: Risk & Exposure update for United States,Industry association,2026-03-01,67,70
src-00910,req-0109,https://news.example/research/healthcare-technology/00910,company source,Healthcare Technology: Technology Adoption update for India,Government statistics,2025-05-22,97,92
src-00911,req-0237,https://industry.example/research/automotive/00911,news,Automotive: Customer Behavior update for United Kingdom,Company newsroom,2024-12-05,90,72
src-00912,req-0405,https://company.example/research/automotive/00912,news,Automotive: Regulation update for United States,Government statistics,2026-01-21,65,63
src-00913,req-0492,https://industry.example/research/electric-vehicles/00913,regulatory,Electric Vehicles: Market Size update for United States,Government statistics,2025-04-17,85,89
src-00914,req-0162,https://industry.example/research/automotive/00914,industry source,Automotive: Product Launches update for Middle East,Regulatory authority,2026-03-16,77,76
src-00915,req-0384,https://company.example/research/cybersecurity/00915,government,Cybersecurity: Value Leakage update for Canada,Company filing,2025-11-29,78,77
src-00916,req-0103,https://research.example/research/healthcare-technology/00916,news,Healthcare Technology: Regulation update for United States,Research publication,2024-02-05,89,92
src-00917,req-0153,https://news.example/research/e-commerce/00917,news,E-commerce: Pricing & Demand update for Southeast Asia,Government statistics,2024-10-25,84,62
src-00918,req-0093,https://company.example/research/renewable-energy/00918,research report,Renewable Energy: Market Growth update for Australia,Company newsroom,2025-07-05,96,74
src-00919,req-0425,https://news.example/research/renewable-energy/00919,news,Renewable Energy: Operational Efficiency update for United Kingdom,Company filing,2024-08-02,84,61
src-00920,req-0092,https://regulator.example/research/automotive/00920,regulatory,Automotive: Supply Chain update for India,Industry association,2025-07-26,93,90
src-00921,req-0143,https://industry.example/research/banking/00921,research report,Banking: Product Launches update for Global,Financial press,2026-06-03,90,90
src-00922,req-0147,https://research.example/research/cloud-computing/00922,regulatory,Cloud Computing: Partnerships update for India,Regulatory authority,2024-02-10,68,57
src-00923,req-0282,https://research.example/research/cloud-computing/00923,industry source,Cloud Computing: Technology Adoption update for India,Research publication,2025-09-03,88,99
src-00924,req-0377,https://research.example/research/e-commerce/00924,industry source,E-commerce: Operational Efficiency update for Canada,Trade publication,2026-04-11,77,59
src-00925,req-0124,https://regulator.example/research/cloud-computing/00925,industry source,Cloud Computing: Market Growth update for Canada,Investor presentation,2024-05-29,88,73
src-00926,req-0007,https://research.example/research/healthcare-technology/00926,research report,Healthcare Technology: Competitor Movement update for Japan,Company filing,2025-05-01,77,97
src-00927,req-0293,https://industry.example/research/e-commerce/00927,government,E-commerce: Product Launches update for Southeast Asia,Company newsroom,2025-04-20,70,65
src-00928,req-0088,https://news.example/research/cloud-computing/00928,news,Cloud Computing: Risk & Exposure update for Canada,Trade publication,2025-06-06,79,70
src-00929,req-0105,https://research.example/research/renewable-energy/00929,company source,Renewable Energy: Pricing & Demand update for Japan,Financial press,2025-07-24,96,71
src-00930,req-0119,https://gov.example/research/automotive/00930,government,Automotive: Regulation update for Southeast Asia,Investor presentation,2025-07-08,83,81
src-00931,req-0193,https://industry.example/research/generative-ai/00931,regulatory,Generative AI: Pricing & Demand update for Australia,Research publication,2026-07-04,91,85
src-00932,req-0147,https://news.example/research/cloud-computing/00932,regulatory,Cloud Computing: Supply Chain update for India,Regulatory authority,2024-10-17,79,99
src-00933,req-0404,https://research.example/research/fintech/00933,news,FinTech: Customer Behavior update for Canada,Regulatory authority,2024-11-10,64,68
src-00934,req-0356,https://regulator.example/research/cybersecurity/00934,company source,Cybersecurity: Supply Chain update for Canada,Government statistics,2024-04-05,89,90
src-00935,req-0157,https://news.example/research/e-commerce/00935,industry source,E-commerce: Risk & Exposure update for Canada,Company filing,2024-07-23,62,64
src-00936,req-0218,https://research.example/research/healthcare-technology/00936,industry source,Healthcare Technology: Pricing & Demand update for Global,Regulatory authority,2025-08-11,74,84
src-00937,req-0248,https://gov.example/research/logistics/00937,government,Logistics: Investment Trends update for Global,Regulatory authority,2025-03-08,88,97
src-00938,req-0402,https://company.example/research/cloud-computing/00938,industry source,Cloud Computing: Market Growth update for Middle East,Regulatory authority,2026-07-25,65,59
src-00939,req-0160,https://research.example/research/electric-vehicles/00939,company source,Electric Vehicles: Value Leakage update for United States,Regulatory authority,2025-06-17,69,57
src-00940,req-0194,https://regulator.example/research/cloud-computing/00940,government,Cloud Computing: Partnerships update for India,Research publication,2024-02-01,85,75
src-00941,req-0072,https://company.example/research/renewable-energy/00941,government,Renewable Energy: Customer Behavior update for Japan,Company newsroom,2024-02-23,65,80
src-00942,req-0096,https://news.example/research/cybersecurity/00942,news,Cybersecurity: Customer Behavior update for Middle East,Company newsroom,2025-09-07,70,59
src-00943,req-0264,https://company.example/research/cloud-computing/00943,government,Cloud Computing: Regulation update for United Kingdom,Company filing,2025-07-18,84,89
src-00944,req-0118,https://industry.example/research/e-commerce/00944,news,E-commerce: Risk & Exposure update for Australia,Company filing,2025-01-11,89,56
src-00945,req-0041,https://news.example/research/renewable-energy/00945,research report,Renewable Energy: Regulation update for Europe,Investor presentation,2024-03-12,70,86
src-00946,req-0495,https://gov.example/research/fintech/00946,research report,FinTech: Partnerships update for Japan,Company filing,2025-03-29,89,91
src-00947,req-0249,https://regulator.example/research/generative-ai/00947,news,Generative AI: Customer Behavior update for India,Industry association,2026-02-04,99,70
src-00948,req-0134,https://industry.example/research/cloud-computing/00948,company source,Cloud Computing: Pricing & Demand update for Europe,Regulatory authority,2024-06-19,89,59
src-00949,req-0470,https://research.example/research/generative-ai/00949,government,Generative AI: Regulation update for Global,Company newsroom,2025-06-06,86,61
src-00950,req-0379,https://research.example/research/telecom/00950,regulatory,Telecom: Working Capital update for Southeast Asia,Market data provider,2024-06-21,93,79
src-00951,req-0149,https://research.example/research/renewable-energy/00951,research report,Renewable Energy: Operational Efficiency update for United Kingdom,Company newsroom,2024-12-27,81,84
src-00952,req-0205,https://research.example/research/consumer-goods/00952,government,Consumer Goods: Technology Adoption update for Global,Market data provider,2026-05-12,95,81
src-00953,req-0344,https://regulator.example/research/industrial-automation/00953,industry source,Industrial Automation: Investment Trends update for Southeast Asia,Company filing,2025-01-23,96,70
src-00954,req-0351,https://company.example/research/industrial-automation/00954,company source,Industrial Automation: Regulation update for United States,Research publication,2026-04-16,67,78
src-00955,req-0262,https://gov.example/research/fintech/00955,regulatory,FinTech: Market Size update for United Kingdom,Market data provider,2024-02-14,68,82
src-00956,req-0242,https://news.example/research/industrial-automation/00956,regulatory,Industrial Automation: Product Launches update for Canada,Trade publication,2025-06-18,83,76
src-00957,req-0020,https://news.example/research/banking/00957,company source,Banking: Value Leakage update for Australia,Company filing,2025-04-19,75,89
src-00958,req-0164,https://news.example/research/renewable-energy/00958,regulatory,Renewable Energy: Working Capital update for United Kingdom,Research publication,2024-01-18,69,82
src-00959,req-0488,https://company.example/research/consumer-goods/00959,regulatory,Consumer Goods: Partnerships update for United States,Market data provider,2024-01-21,65,83
src-00960,req-0227,https://company.example/research/renewable-energy/00960,news,Renewable Energy: Competitor Movement update for United States,Government statistics,2024-06-12,88,77
src-00961,req-0095,https://news.example/research/fintech/00961,industry source,FinTech: Product Launches update for India,Investor presentation,2024-07-01,99,89
src-00962,req-0093,https://industry.example/research/renewable-energy/00962,research report,Renewable Energy: Pricing & Demand update for Australia,Financial press,2025-04-01,69,94
src-00963,req-0408,https://company.example/research/consumer-goods/00963,company source,Consumer Goods: Technology Adoption update for Europe,Investor presentation,2024-08-17,80,68
src-00964,req-0342,https://industry.example/research/fintech/00964,government,FinTech: Technology Adoption update for Japan,Investor presentation,2024-09-26,69,83
src-00965,req-0311,https://regulator.example/research/telecom/00965,regulatory,Telecom: Working Capital update for Middle East,Financial press,2025-01-12,63,77
src-00966,req-0409,https://regulator.example/research/automotive/00966,government,Automotive: Pricing & Demand update for Canada,Financial press,2024-07-04,95,93
src-00967,req-0109,https://research.example/research/healthcare-technology/00967,government,Healthcare Technology: Market Size update for India,Industry association,2025-12-17,88,95
src-00968,req-0396,https://news.example/research/e-commerce/00968,government,E-commerce: Value Leakage update for Global,Company newsroom,2025-11-11,99,57
src-00969,req-0161,https://company.example/research/cloud-computing/00969,regulatory,Cloud Computing: Investment Trends update for United States,Research publication,2024-09-12,77,73
src-00970,req-0167,https://news.example/research/e-commerce/00970,research report,E-commerce: Customer Behavior update for India,Financial press,2024-09-22,94,94
src-00971,req-0438,https://gov.example/research/automotive/00971,government,Automotive: Competitor Movement update for India,Government statistics,2026-06-01,95,65
src-00972,req-0098,https://company.example/research/semiconductors/00972,government,Semiconductors: Partnerships update for United Kingdom,Market data provider,2025-07-13,65,79
src-00973,req-0283,https://news.example/research/electric-vehicles/00973,industry source,Electric Vehicles: Competitor Movement update for Australia,Company newsroom,2024-11-06,86,80
src-00974,req-0302,https://regulator.example/research/semiconductors/00974,company source,Semiconductors: Supply Chain update for United Kingdom,Company filing,2025-12-16,71,73
src-00975,req-0483,https://gov.example/research/automotive/00975,company source,Automotive: Investment Trends update for Southeast Asia,Company newsroom,2025-09-08,62,94
src-00976,req-0178,https://industry.example/research/cloud-computing/00976,news,Cloud Computing: Regulation update for United Kingdom,Trade publication,2026-05-14,86,76
src-00977,req-0389,https://company.example/research/semiconductors/00977,company source,Semiconductors: Product Launches update for Southeast Asia,Investor presentation,2025-04-24,66,96
src-00978,req-0314,https://industry.example/research/e-commerce/00978,news,E-commerce: Regulation update for Global,Investor presentation,2025-04-20,94,85
src-00979,req-0472,https://company.example/research/automotive/00979,research report,Automotive: Product Launches update for Europe,Market data provider,2024-10-09,71,72
src-00980,req-0296,https://regulator.example/research/banking/00980,regulatory,Banking: Risk & Exposure update for India,Government statistics,2024-02-24,98,86
src-00981,req-0375,https://research.example/research/semiconductors/00981,government,Semiconductors: Product Launches update for Global,Government statistics,2026-06-10,70,96
src-00982,req-0127,https://company.example/research/generative-ai/00982,research report,Generative AI: Technology Adoption update for India,Regulatory authority,2025-11-30,73,94
src-00983,req-0281,https://industry.example/research/cybersecurity/00983,news,Cybersecurity: Market Size update for Middle East,Regulatory authority,2026-08-17,78,88
src-00984,req-0102,https://company.example/research/logistics/00984,company source,Logistics: Supply Chain update for Europe,Regulatory authority,2025-10-05,69,75
src-00985,req-0470,https://company.example/research/generative-ai/00985,research report,Generative AI: Partnerships update for Global,Company newsroom,2024-06-19,81,66
src-00986,req-0470,https://industry.example/research/generative-ai/00986,company source,Generative AI: Operational Efficiency update for Global,Financial press,2025-06-23,95,60
src-00987,req-0229,https://gov.example/research/banking/00987,news,Banking: Product Launches update for Japan,Market data provider,2026-03-24,65,98
src-00988,req-0419,https://news.example/research/cybersecurity/00988,news,Cybersecurity: Regulation update for Europe,Industry association,2024-06-27,73,93
src-00989,req-0023,https://news.example/research/electric-vehicles/00989,industry source,Electric Vehicles: Customer Behavior update for Canada,Company filing,2025-06-24,64,88
src-00990,req-0319,https://news.example/research/cloud-computing/00990,regulatory,Cloud Computing: Working Capital update for Japan,Trade publication,2025-12-27,91,94
src-00991,req-0026,https://regulator.example/research/automotive/00991,research report,Automotive: Working Capital update for Canada,Regulatory authority,2024-09-16,76,56
src-00992,req-0466,https://industry.example/research/cloud-computing/00992,government,Cloud Computing: Investment Trends update for Canada,Research publication,2024-08-05,69,67
src-00993,req-0262,https://research.example/research/fintech/00993,industry source,FinTech: Partnerships update for United Kingdom,Financial press,2025-01-12,96,87
src-00994,req-0340,https://gov.example/research/consumer-goods/00994,regulatory,Consumer Goods: Working Capital update for Southeast Asia,Research publication,2025-03-18,70,70
src-00995,req-0361,https://news.example/research/consumer-goods/00995,regulatory,Consumer Goods: Product Launches update for United States,Investor presentation,2024-01-08,73,78
src-00996,req-0194,https://research.example/research/cloud-computing/00996,government,Cloud Computing: Pricing & Demand update for India,Financial press,2025-05-09,73,79
src-00997,req-0162,https://company.example/research/automotive/00997,company source,Automotive: Product Launches update for Middle East,Government statistics,2024-09-14,95,98
src-00998,req-0388,https://research.example/research/e-commerce/00998,industry source,E-commerce: Value Leakage update for India,Financial press,2024-10-05,65,67
src-00999,req-0145,https://regulator.example/research/telecom/00999,news,Telecom: Product Launches update for Australia,Investor presentation,2025-11-07,90,90
src-01000,req-0195,https://gov.example/research/cloud-computing/01000,news,Cloud Computing: Operational Efficiency update for Global,Market data provider,2024-04-17,63,58
src-01001,req-0232,https://regulator.example/research/fintech/01001,industry source,FinTech: Value Leakage update for India,Investor presentation,2025-04-09,96,73
src-01002,req-0192,https://regulator.example/research/automotive/01002,government,Automotive: Market Growth update for Global,Industry association,2024-04-08,98,63
src-01003,req-0213,https://regulator.example/research/logistics/01003,news,Logistics: Market Size update for Global,Company filing,2024-01-28,64,72
src-01004,req-0056,https://news.example/research/semiconductors/01004,research report,Semiconductors: Pricing & Demand update for Southeast Asia,Financial press,2025-07-25,86,88
src-01005,req-0496,https://industry.example/research/cybersecurity/01005,regulatory,Cybersecurity: Competitor Movement update for Southeast Asia,Government statistics,2024-12-31,80,60
src-01006,req-0289,https://regulator.example/research/e-commerce/01006,research report,E-commerce: Investment Trends update for Japan,Trade publication,2026-02-19,71,70
src-01007,req-0262,https://news.example/research/fintech/01007,government,FinTech: Risk & Exposure update for United Kingdom,Regulatory authority,2025-05-03,72,93
src-01008,req-0394,https://company.example/research/industrial-automation/01008,industry source,Industrial Automation: Partnerships update for Japan,Investor presentation,2025-06-28,97,60
src-01009,req-0223,https://gov.example/research/cybersecurity/01009,industry source,Cybersecurity: Market Size update for United Kingdom,Industry association,2024-06-04,83,64
src-01010,req-0068,https://research.example/research/cloud-computing/01010,research report,Cloud Computing: Product Launches update for Global,Industry association,2024-04-02,68,70
src-01011,req-0414,https://gov.example/research/automotive/01011,research report,Automotive: Technology Adoption update for Middle East,Company filing,2026-08-07,79,85
src-01012,req-0016,https://news.example/research/industrial-automation/01012,company source,Industrial Automation: Pricing & Demand update for United Kingdom,Research publication,2024-07-31,80,83
src-01013,req-0456,https://news.example/research/cloud-computing/01013,industry source,Cloud Computing: Market Growth update for India,Financial press,2025-12-11,96,62
src-01014,req-0114,https://gov.example/research/automotive/01014,research report,Automotive: Supply Chain update for India,Regulatory authority,2026-03-16,87,92
src-01015,req-0352,https://regulator.example/research/logistics/01015,industry source,Logistics: Value Leakage update for Japan,Trade publication,2024-09-10,73,89
src-01016,req-0184,https://industry.example/research/industrial-automation/01016,research report,Industrial Automation: Operational Efficiency update for Canada,Government statistics,2024-10-23,77,63
src-01017,req-0303,https://gov.example/research/banking/01017,news,Banking: Regulation update for Europe,Company newsroom,2025-06-07,82,61
src-01018,req-0020,https://industry.example/research/banking/01018,regulatory,Banking: Pricing & Demand update for Australia,Regulatory authority,2025-06-02,72,68
src-01019,req-0200,https://regulator.example/research/industrial-automation/01019,government,Industrial Automation: Product Launches update for Australia,Industry association,2025-09-25,76,79
src-01020,req-0361,https://news.example/research/consumer-goods/01020,company source,Consumer Goods: Partnerships update for United States,Regulatory authority,2026-08-08,82,83
src-01021,req-0194,https://research.example/research/cloud-computing/01021,company source,Cloud Computing: Supply Chain update for India,Company newsroom,2024-11-26,93,75
src-01022,req-0382,https://company.example/research/renewable-energy/01022,research report,Renewable Energy: Risk & Exposure update for Middle East,Regulatory authority,2026-04-02,64,93
src-01023,req-0374,https://company.example/research/logistics/01023,research report,Logistics: Investment Trends update for Middle East,Investor presentation,2024-03-03,92,83
src-01024,req-0451,https://company.example/research/cybersecurity/01024,news,Cybersecurity: Product Launches update for Europe,Research publication,2025-01-07,73,92
src-01025,req-0017,https://industry.example/research/logistics/01025,regulatory,Logistics: Technology Adoption update for Australia,Market data provider,2025-07-18,87,64
src-01026,req-0222,https://news.example/research/generative-ai/01026,industry source,Generative AI: Pricing & Demand update for Europe,Trade publication,2025-06-18,70,56
src-01027,req-0235,https://gov.example/research/healthcare-technology/01027,regulatory,Healthcare Technology: Market Growth update for Middle East,Financial press,2024-10-18,87,80
src-01028,req-0167,https://research.example/research/e-commerce/01028,company source,E-commerce: Investment Trends update for India,Company newsroom,2025-09-11,98,81
src-01029,req-0471,https://gov.example/research/semiconductors/01029,industry source,Semiconductors: Competitor Movement update for Europe,Investor presentation,2026-07-20,73,79
src-01030,req-0216,https://news.example/research/telecom/01030,government,Telecom: Product Launches update for Global,Trade publication,2026-08-10,93,85
src-01031,req-0183,https://industry.example/research/fintech/01031,industry source,FinTech: Product Launches update for Southeast Asia,Industry association,2024-09-19,82,69
src-01032,req-0193,https://news.example/research/generative-ai/01032,company source,Generative AI: Operational Efficiency update for Australia,Market data provider,2025-08-05,83,97
src-01033,req-0080,https://company.example/research/logistics/01033,news,Logistics: Working Capital update for Europe,Company newsroom,2024-10-26,67,82
src-01034,req-0257,https://gov.example/research/industrial-automation/01034,industry source,Industrial Automation: Working Capital update for Canada,Company filing,2024-10-05,83,65
src-01035,req-0321,https://regulator.example/research/generative-ai/01035,government,Generative AI: Value Leakage update for Canada,Company newsroom,2025-08-07,92,90
src-01036,req-0470,https://regulator.example/research/generative-ai/01036,industry source,Generative AI: Value Leakage update for Global,Company newsroom,2026-07-31,67,55
src-01037,req-0026,https://company.example/research/automotive/01037,news,Automotive: Competitor Movement update for Canada,Investor presentation,2025-11-03,74,88
src-01038,req-0108,https://research.example/research/banking/01038,government,Banking: Technology Adoption update for Japan,Market data provider,2025-02-15,90,69
src-01039,req-0312,https://research.example/research/electric-vehicles/01039,company source,Electric Vehicles: Working Capital update for Australia,Company filing,2025-11-12,71,72
src-01040,req-0469,https://research.example/research/automotive/01040,regulatory,Automotive: Market Growth update for Canada,Financial press,2024-09-17,89,64
src-01041,req-0029,https://regulator.example/research/banking/01041,news,Banking: Market Size update for Southeast Asia,Company filing,2024-11-11,75,62
src-01042,req-0467,https://company.example/research/automotive/01042,research report,Automotive: Technology Adoption update for United States,Trade publication,2024-01-04,94,77
src-01043,req-0277,https://industry.example/research/fintech/01043,news,FinTech: Market Size update for Japan,Trade publication,2026-02-08,63,95
src-01044,req-0163,https://regulator.example/research/cloud-computing/01044,government,Cloud Computing: Competitor Movement update for Middle East,Regulatory authority,2025-11-17,84,60
src-01045,req-0092,https://news.example/research/automotive/01045,company source,Automotive: Product Launches update for India,Company filing,2025-08-31,72,87
src-01046,req-0431,https://industry.example/research/cloud-computing/01046,industry source,Cloud Computing: Customer Behavior update for Australia,Regulatory authority,2026-01-28,74,81
src-01047,req-0149,https://gov.example/research/renewable-energy/01047,research report,Renewable Energy: Market Growth update for United Kingdom,Company filing,2025-04-28,99,58
src-01048,req-0017,https://news.example/research/logistics/01048,research report,Logistics: Working Capital update for Australia,Regulatory authority,2024-01-11,78,95
src-01049,req-0466,https://research.example/research/cloud-computing/01049,regulatory,Cloud Computing: Pricing & Demand update for Canada,Trade publication,2025-11-12,74,93
src-01050,req-0415,https://gov.example/research/automotive/01050,government,Automotive: Market Growth update for Middle East,Market data provider,2024-09-27,95,95
src-01051,req-0390,https://news.example/research/semiconductors/01051,research report,Semiconductors: Partnerships update for Middle East,Government statistics,2026-04-02,96,58
src-01052,req-0026,https://news.example/research/automotive/01052,regulatory,Automotive: Customer Behavior update for Canada,Government statistics,2026-05-10,72,83
src-01053,req-0363,https://regulator.example/research/automotive/01053,industry source,Automotive: Pricing & Demand update for India,Industry association,2026-02-19,87,91
src-01054,req-0400,https://industry.example/research/industrial-automation/01054,news,Industrial Automation: Operational Efficiency update for Australia,Industry association,2025-10-14,83,78
src-01055,req-0105,https://industry.example/research/renewable-energy/01055,research report,Renewable Energy: Product Launches update for Japan,Investor presentation,2024-11-12,99,99
src-01056,req-0283,https://research.example/research/electric-vehicles/01056,company source,Electric Vehicles: Risk & Exposure update for Australia,Financial press,2026-04-23,66,96
src-01057,req-0400,https://company.example/research/industrial-automation/01057,industry source,Industrial Automation: Regulation update for Australia,Investor presentation,2025-04-19,98,96
src-01058,req-0420,https://company.example/research/fintech/01058,government,FinTech: Partnerships update for Global,Research publication,2025-10-23,66,88
src-01059,req-0393,https://news.example/research/generative-ai/01059,company source,Generative AI: Product Launches update for Europe,Regulatory authority,2026-07-15,83,87
src-01060,req-0162,https://industry.example/research/automotive/01060,government,Automotive: Customer Behavior update for Middle East,Industry association,2025-05-12,70,70
src-01061,req-0063,https://news.example/research/consumer-goods/01061,research report,Consumer Goods: Value Leakage update for India,Government statistics,2026-01-08,94,77
src-01062,req-0342,https://industry.example/research/fintech/01062,news,FinTech: Competitor Movement update for Japan,Research publication,2025-11-24,68,99
src-01063,req-0485,https://company.example/research/automotive/01063,research report,Automotive: Product Launches update for Middle East,Company newsroom,2026-04-28,72,63
src-01064,req-0297,https://research.example/research/banking/01064,company source,Banking: Working Capital update for Australia,Regulatory authority,2024-05-07,97,74
src-01065,req-0499,https://industry.example/research/automotive/01065,industry source,Automotive: Market Growth update for United States,Industry association,2026-04-06,65,65
src-01066,req-0187,https://news.example/research/fintech/01066,news,FinTech: Operational Efficiency update for Australia,Government statistics,2024-10-07,93,91
src-01067,req-0072,https://industry.example/research/renewable-energy/01067,company source,Renewable Energy: Value Leakage update for Japan,Trade publication,2024-12-27,95,96
src-01068,req-0090,https://gov.example/research/renewable-energy/01068,regulatory,Renewable Energy: Product Launches update for United States,Regulatory authority,2026-02-01,90,81
src-01069,req-0386,https://research.example/research/generative-ai/01069,company source,Generative AI: Market Size update for Global,Company filing,2024-06-04,62,59
src-01070,req-0053,https://news.example/research/healthcare-technology/01070,research report,Healthcare Technology: Product Launches update for India,Government statistics,2024-12-24,97,95
src-01071,req-0281,https://gov.example/research/cybersecurity/01071,industry source,Cybersecurity: Customer Behavior update for Middle East,Regulatory authority,2025-04-12,76,61
src-01072,req-0428,https://research.example/research/automotive/01072,industry source,Automotive: Risk & Exposure update for Japan,Investor presentation,2025-01-30,83,58
src-01073,req-0357,https://news.example/research/consumer-goods/01073,company source,Consumer Goods: Working Capital update for Canada,Government statistics,2025-07-09,69,96
src-01074,req-0195,https://gov.example/research/cloud-computing/01074,company source,Cloud Computing: Investment Trends update for Global,Financial press,2026-06-17,66,76
src-01075,req-0132,https://news.example/research/automotive/01075,research report,Automotive: Value Leakage update for Europe,Company filing,2025-12-22,76,73
src-01076,req-0442,https://research.example/research/healthcare-technology/01076,regulatory,Healthcare Technology: Supply Chain update for India,Trade publication,2024-12-26,82,98
src-01077,req-0059,https://news.example/research/banking/01077,industry source,Banking: Value Leakage update for Europe,Research publication,2024-06-22,75,97
src-01078,req-0191,https://company.example/research/banking/01078,news,Banking: Regulation update for Japan,Regulatory authority,2025-03-28,91,71
src-01079,req-0258,https://gov.example/research/electric-vehicles/01079,industry source,Electric Vehicles: Competitor Movement update for Europe,Company newsroom,2024-12-16,89,57
src-01080,req-0279,https://gov.example/research/fintech/01080,company source,FinTech: Market Size update for United States,Investor presentation,2026-04-29,65,95
src-01081,req-0339,https://news.example/research/automotive/01081,news,Automotive: Product Launches update for Southeast Asia,Financial press,2024-04-17,92,93
src-01082,req-0270,https://regulator.example/research/banking/01082,company source,Banking: Supply Chain update for Southeast Asia,Company filing,2024-07-15,92,67
src-01083,req-0283,https://gov.example/research/electric-vehicles/01083,company source,Electric Vehicles: Supply Chain update for Australia,Industry association,2025-07-11,88,79
src-01084,req-0047,https://regulator.example/research/banking/01084,research report,Banking: Market Size update for Southeast Asia,Regulatory authority,2026-01-11,63,92
src-01085,req-0092,https://news.example/research/automotive/01085,company source,Automotive: Technology Adoption update for India,Investor presentation,2026-08-23,75,64
src-01086,req-0031,https://news.example/research/generative-ai/01086,industry source,Generative AI: Regulation update for Southeast Asia,Financial press,2024-02-14,62,68
src-01087,req-0132,https://company.example/research/automotive/01087,government,Automotive: Investment Trends update for Europe,Financial press,2024-03-08,98,71
src-01088,req-0149,https://industry.example/research/renewable-energy/01088,company source,Renewable Energy: Technology Adoption update for United Kingdom,Trade publication,2024-10-31,71,63
src-01089,req-0279,https://company.example/research/fintech/01089,news,FinTech: Competitor Movement update for United States,Market data provider,2026-05-01,73,87
src-01090,req-0026,https://company.example/research/automotive/01090,news,Automotive: Pricing & Demand update for Canada,Financial press,2024-04-26,90,74
src-01091,req-0398,https://company.example/research/industrial-automation/01091,government,Industrial Automation: Value Leakage update for Global,Industry association,2025-09-25,86,85
src-01092,req-0035,https://company.example/research/logistics/01092,news,Logistics: Regulation update for Europe,Industry association,2025-03-14,89,63
src-01093,req-0383,https://research.example/research/consumer-goods/01093,research report,Consumer Goods: Regulation update for United Kingdom,Company filing,2026-02-06,90,85
src-01094,req-0420,https://gov.example/research/fintech/01094,research report,FinTech: Pricing & Demand update for Global,Trade publication,2025-10-26,62,96
src-01095,req-0078,https://regulator.example/research/automotive/01095,industry source,Automotive: Value Leakage update for United States,Regulatory authority,2025-02-04,92,95
src-01096,req-0012,https://news.example/research/electric-vehicles/01096,industry source,Electric Vehicles: Regulation update for Australia,Research publication,2025-07-22,68,75
src-01097,req-0469,https://gov.example/research/automotive/01097,regulatory,Automotive: Market Growth update for Canada,Regulatory authority,2026-03-09,93,56
src-01098,req-0484,https://industry.example/research/fintech/01098,regulatory,FinTech: Competitor Movement update for Global,Company newsroom,2025-11-11,62,89
src-01099,req-0437,https://company.example/research/automotive/01099,industry source,Automotive: Product Launches update for Europe,Industry association,2025-04-17,94,75
src-01100,req-0001,https://gov.example/research/industrial-automation/01100,government,Industrial Automation: Operational Efficiency update for Southeast Asia,Company filing,2025-10-02,87,88
src-01101,req-0189,https://news.example/research/generative-ai/01101,government,Generative AI: Market Growth update for Australia,Regulatory authority,2026-06-18,65,78
src-01102,req-0432,https://gov.example/research/fintech/01102,company source,FinTech: Market Size update for Europe,Financial press,2024-02-09,91,57
src-01103,req-0465,https://company.example/research/automotive/01103,research report,Automotive: Market Growth update for Japan,Industry association,2025-11-17,74,58
src-01104,req-0148,https://news.example/research/healthcare-technology/01104,company source,Healthcare Technology: Technology Adoption update for Canada,Research publication,2026-06-16,80,88
src-01105,req-0139,https://research.example/research/electric-vehicles/01105,company source,Electric Vehicles: Operational Efficiency update for Global,Company newsroom,2024-03-22,88,62
src-01106,req-0132,https://news.example/research/automotive/01106,industry source,Automotive: Risk & Exposure update for Europe,Trade publication,2025-12-24,71,61
src-01107,req-0333,https://news.example/research/semiconductors/01107,research report,Semiconductors: Pricing & Demand update for Global,Investor presentation,2024-05-12,70,74
src-01108,req-0324,https://gov.example/research/renewable-energy/01108,company source,Renewable Energy: Investment Trends update for United Kingdom,Market data provider,2024-01-12,90,73
src-01109,req-0098,https://gov.example/research/semiconductors/01109,regulatory,Semiconductors: Customer Behavior update for United Kingdom,Company newsroom,2025-10-11,82,61
src-01110,req-0079,https://news.example/research/cloud-computing/01110,government,Cloud Computing: Value Leakage update for United States,Trade publication,2024-12-09,65,59
src-01111,req-0422,https://company.example/research/banking/01111,industry source,Banking: Partnerships update for Japan,Market data provider,2024-01-28,71,82
src-01112,req-0436,https://regulator.example/research/electric-vehicles/01112,government,Electric Vehicles: Working Capital update for Middle East,Investor presentation,2025-01-19,82,88
src-01113,req-0031,https://research.example/research/generative-ai/01113,industry source,Generative AI: Value Leakage update for Southeast Asia,Company filing,2026-07-29,68,98
src-01114,req-0049,https://regulator.example/research/healthcare-technology/01114,industry source,Healthcare Technology: Supply Chain update for Japan,Market data provider,2025-06-01,67,82
src-01115,req-0153,https://gov.example/research/e-commerce/01115,government,E-commerce: Market Growth update for Southeast Asia,Market data provider,2026-03-09,93,79
src-01116,req-0235,https://regulator.example/research/healthcare-technology/01116,company source,Healthcare Technology: Customer Behavior update for Middle East,Industry association,2024-03-12,65,70
src-01117,req-0070,https://industry.example/research/semiconductors/01117,company source,Semiconductors: Risk & Exposure update for Canada,Investor presentation,2024-09-29,79,90
src-01118,req-0338,https://regulator.example/research/e-commerce/01118,company source,E-commerce: Partnerships update for Canada,Investor presentation,2025-03-23,98,91
src-01119,req-0288,https://company.example/research/generative-ai/01119,news,Generative AI: Investment Trends update for India,Financial press,2025-02-04,92,71
src-01120,req-0408,https://regulator.example/research/consumer-goods/01120,regulatory,Consumer Goods: Value Leakage update for Europe,Company newsroom,2025-03-06,66,70
src-01121,req-0443,https://research.example/research/semiconductors/01121,government,Semiconductors: Customer Behavior update for Canada,Trade publication,2024-11-19,78,85
src-01122,req-0298,https://news.example/research/automotive/01122,industry source,Automotive: Pricing & Demand update for United Kingdom,Investor presentation,2024-04-20,93,88
src-01123,req-0350,https://company.example/research/banking/01123,industry source,Banking: Market Growth update for Canada,Financial press,2024-09-07,66,85
src-01124,req-0360,https://research.example/research/cybersecurity/01124,regulatory,Cybersecurity: Partnerships update for Global,Investor presentation,2024-03-19,78,60
src-01125,req-0295,https://industry.example/research/logistics/01125,regulatory,Logistics: Competitor Movement update for Europe,Research publication,2025-01-01,77,82
src-01126,req-0287,https://gov.example/research/renewable-energy/01126,industry source,Renewable Energy: Technology Adoption update for Japan,Government statistics,2024-12-20,69,93
src-01127,req-0277,https://news.example/research/fintech/01127,regulatory,FinTech: Market Size update for Japan,Trade publication,2024-06-13,88,74
src-01128,req-0190,https://industry.example/research/automotive/01128,regulatory,Automotive: Value Leakage update for Southeast Asia,Trade publication,2026-06-15,98,58
src-01129,req-0112,https://news.example/research/electric-vehicles/01129,research report,Electric Vehicles: Investment Trends update for Australia,Regulatory authority,2025-03-26,90,63
src-01130,req-0039,https://research.example/research/semiconductors/01130,research report,Semiconductors: Technology Adoption update for Europe,Government statistics,2025-01-01,90,59
src-01131,req-0323,https://research.example/research/automotive/01131,industry source,Automotive: Risk & Exposure update for United Kingdom,Investor presentation,2025-08-03,93,57
src-01132,req-0107,https://regulator.example/research/cloud-computing/01132,news,Cloud Computing: Partnerships update for Japan,Regulatory authority,2025-11-25,77,97
src-01133,req-0232,https://company.example/research/fintech/01133,industry source,FinTech: Competitor Movement update for India,Market data provider,2024-03-14,65,65
src-01134,req-0449,https://company.example/research/electric-vehicles/01134,regulatory,Electric Vehicles: Operational Efficiency update for Middle East,Regulatory authority,2025-02-24,75,67
src-01135,req-0099,https://research.example/research/e-commerce/01135,regulatory,E-commerce: Operational Efficiency update for Japan,Market data provider,2024-05-13,75,80
src-01136,req-0006,https://gov.example/research/generative-ai/01136,research report,Generative AI: Risk & Exposure update for Canada,Industry association,2026-07-25,84,66
src-01137,req-0096,https://gov.example/research/cybersecurity/01137,news,Cybersecurity: Investment Trends update for Middle East,Company filing,2026-04-25,74,86
src-01138,req-0425,https://company.example/research/renewable-energy/01138,regulatory,Renewable Energy: Customer Behavior update for United Kingdom,Financial press,2026-07-28,63,71
src-01139,req-0192,https://news.example/research/automotive/01139,research report,Automotive: Investment Trends update for Global,Investor presentation,2025-12-03,78,84
src-01140,req-0203,https://news.example/research/e-commerce/01140,company source,E-commerce: Market Size update for Middle East,Company newsroom,2025-03-08,82,78
src-01141,req-0497,https://gov.example/research/banking/01141,regulatory,Banking: Competitor Movement update for Europe,Financial press,2026-05-09,96,98
src-01142,req-0261,https://news.example/research/healthcare-technology/01142,news,Healthcare Technology: Supply Chain update for United States,Trade publication,2025-09-02,63,98
src-01143,req-0464,https://news.example/research/automotive/01143,industry source,Automotive: Risk & Exposure update for Japan,Industry association,2025-04-27,83,59
src-01144,req-0313,https://company.example/research/consumer-goods/01144,industry source,Consumer Goods: Pricing & Demand update for United Kingdom,Industry association,2026-04-16,74,85
src-01145,req-0258,https://company.example/research/electric-vehicles/01145,company source,Electric Vehicles: Partnerships update for Europe,Investor presentation,2025-03-16,83,85
src-01146,req-0495,https://company.example/research/fintech/01146,company source,FinTech: Working Capital update for Japan,Company filing,2026-07-17,68,58
src-01147,req-0143,https://news.example/research/banking/01147,news,Banking: Investment Trends update for Global,Trade publication,2024-06-07,88,75
src-01148,req-0204,https://news.example/research/renewable-energy/01148,government,Renewable Energy: Market Size update for Global,Research publication,2025-05-15,73,94
src-01149,req-0333,https://industry.example/research/semiconductors/01149,regulatory,Semiconductors: Risk & Exposure update for Global,Market data provider,2025-05-03,83,97
src-01150,req-0425,https://research.example/research/renewable-energy/01150,research report,Renewable Energy: Customer Behavior update for United Kingdom,Market data provider,2026-01-13,85,85
src-01151,req-0423,https://industry.example/research/electric-vehicles/01151,government,Electric Vehicles: Risk & Exposure update for Southeast Asia,Company filing,2024-05-18,74,83
src-01152,req-0482,https://company.example/research/consumer-goods/01152,research report,Consumer Goods: Technology Adoption update for India,Company filing,2024-01-02,99,80
src-01153,req-0014,https://industry.example/research/fintech/01153,regulatory,FinTech: Competitor Movement update for Middle East,Research publication,2025-02-04,86,84
src-01154,req-0067,https://gov.example/research/semiconductors/01154,government,Semiconductors: Market Size update for Southeast Asia,Research publication,2024-01-04,88,96
src-01155,req-0170,https://news.example/research/semiconductors/01155,news,Semiconductors: Customer Behavior update for United Kingdom,Industry association,2024-01-02,88,55
src-01156,req-0462,https://industry.example/research/cloud-computing/01156,regulatory,Cloud Computing: Product Launches update for Southeast Asia,Company filing,2025-04-16,76,63
src-01157,req-0248,https://research.example/research/logistics/01157,industry source,Logistics: Partnerships update for Global,Trade publication,2025-06-27,82,60
src-01158,req-0489,https://industry.example/research/e-commerce/01158,news,E-commerce: Risk & Exposure update for Global,Investor presentation,2024-05-08,82,82
src-01159,req-0053,https://research.example/research/healthcare-technology/01159,industry source,Healthcare Technology: Risk & Exposure update for India,Trade publication,2025-11-27,66,83
src-01160,req-0149,https://news.example/research/renewable-energy/01160,industry source,Renewable Energy: Market Growth update for United Kingdom,Trade publication,2024-09-22,99,71
src-01161,req-0352,https://research.example/research/logistics/01161,industry source,Logistics: Supply Chain update for Japan,Industry association,2025-05-04,63,85
src-01162,req-0014,https://industry.example/research/fintech/01162,regulatory,FinTech: Competitor Movement update for Middle East,Financial press,2024-11-10,74,87
src-01163,req-0068,https://regulator.example/research/cloud-computing/01163,company source,Cloud Computing: Market Size update for Global,Company filing,2024-05-22,73,66
src-01164,req-0416,https://research.example/research/fintech/01164,government,FinTech: Investment Trends update for Europe,Company filing,2025-06-10,79,59
src-01165,req-0135,https://company.example/research/fintech/01165,government,FinTech: Competitor Movement update for United States,Industry association,2025-12-25,85,60
src-01166,req-0338,https://news.example/research/e-commerce/01166,regulatory,E-commerce: Customer Behavior update for Canada,Financial press,2025-01-22,91,77
src-01167,req-0292,https://company.example/research/consumer-goods/01167,company source,Consumer Goods: Regulation update for United States,Research publication,2025-12-16,76,87
src-01168,req-0118,https://regulator.example/research/e-commerce/01168,news,E-commerce: Competitor Movement update for Australia,Company filing,2024-10-02,98,89
src-01169,req-0032,https://company.example/research/automotive/01169,company source,Automotive: Regulation update for Global,Financial press,2024-04-06,72,96
src-01170,req-0488,https://regulator.example/research/consumer-goods/01170,news,Consumer Goods: Working Capital update for United States,Government statistics,2026-04-08,73,94
src-01171,req-0115,https://research.example/research/generative-ai/01171,news,Generative AI: Market Growth update for United States,Market data provider,2025-10-22,93,94
src-01172,req-0427,https://gov.example/research/cloud-computing/01172,news,Cloud Computing: Value Leakage update for Southeast Asia,Financial press,2024-07-03,75,56
src-01173,req-0069,https://regulator.example/research/cybersecurity/01173,news,Cybersecurity: Competitor Movement update for Japan,Regulatory authority,2025-11-10,78,87
src-01174,req-0267,https://company.example/research/fintech/01174,research report,FinTech: Market Growth update for Japan,Investor presentation,2025-04-23,63,62
src-01175,req-0397,https://gov.example/research/semiconductors/01175,industry source,Semiconductors: Investment Trends update for United States,Industry association,2026-06-08,83,71
src-01176,req-0256,https://industry.example/research/automotive/01176,government,Automotive: Risk & Exposure update for Southeast Asia,Trade publication,2024-01-30,93,86
src-01177,req-0168,https://gov.example/research/e-commerce/01177,news,E-commerce: Competitor Movement update for United Kingdom,Financial press,2024-12-26,97,81
src-01178,req-0174,https://gov.example/research/healthcare-technology/01178,company source,Healthcare Technology: Risk & Exposure update for India,Company newsroom,2025-07-14,81,96
src-01179,req-0025,https://research.example/research/semiconductors/01179,company source,Semiconductors: Value Leakage update for Australia,Market data provider,2025-04-21,83,62
src-01180,req-0110,https://gov.example/research/e-commerce/01180,research report,E-commerce: Product Launches update for Middle East,Research publication,2026-08-01,64,67
src-01181,req-0180,https://industry.example/research/fintech/01181,industry source,FinTech: Risk & Exposure update for Canada,Government statistics,2025-08-10,69,96
src-01182,req-0192,https://research.example/research/automotive/01182,regulatory,Automotive: Competitor Movement update for Global,Trade publication,2025-03-17,81,70
src-01183,req-0148,https://research.example/research/healthcare-technology/01183,regulatory,Healthcare Technology: Market Growth update for Canada,Government statistics,2025-04-30,96,69
src-01184,req-0446,https://industry.example/research/electric-vehicles/01184,news,Electric Vehicles: Working Capital update for Global,Industry association,2024-09-06,79,72
src-01185,req-0344,https://news.example/research/industrial-automation/01185,news,Industrial Automation: Partnerships update for Southeast Asia,Regulatory authority,2025-07-21,65,57
src-01186,req-0480,https://company.example/research/fintech/01186,news,FinTech: Pricing & Demand update for United Kingdom,Trade publication,2025-08-30,63,58
src-01187,req-0197,https://industry.example/research/healthcare-technology/01187,regulatory,Healthcare Technology: Investment Trends update for Europe,Industry association,2024-05-15,94,84
src-01188,req-0049,https://research.example/research/healthcare-technology/01188,news,Healthcare Technology: Technology Adoption update for Japan,Company newsroom,2026-07-08,69,79
src-01189,req-0448,https://regulator.example/research/fintech/01189,news,FinTech: Investment Trends update for Global,Market data provider,2025-04-24,75,60
src-01190,req-0467,https://regulator.example/research/automotive/01190,company source,Automotive: Working Capital update for United States,Market data provider,2026-01-24,71,67
src-01191,req-0468,https://research.example/research/e-commerce/01191,industry source,E-commerce: Product Launches update for Southeast Asia,Company filing,2024-06-09,84,92
src-01192,req-0275,https://regulator.example/research/semiconductors/01192,company source,Semiconductors: Competitor Movement update for Middle East,Research publication,2024-04-02,63,84
src-01193,req-0012,https://news.example/research/electric-vehicles/01193,research report,Electric Vehicles: Market Growth update for Australia,Financial press,2025-12-29,62,84
src-01194,req-0429,https://company.example/research/banking/01194,regulatory,Banking: Technology Adoption update for Japan,Company newsroom,2026-07-23,63,60
src-01195,req-0151,https://company.example/research/industrial-automation/01195,regulatory,Industrial Automation: Market Size update for Canada,Research publication,2024-01-24,97,82
src-01196,req-0199,https://company.example/research/electric-vehicles/01196,company source,Electric Vehicles: Technology Adoption update for Southeast Asia,Industry association,2025-08-22,73,86
src-01197,req-0403,https://regulator.example/research/cybersecurity/01197,news,Cybersecurity: Working Capital update for Japan,Investor presentation,2025-03-26,66,59
src-01198,req-0401,https://company.example/research/cloud-computing/01198,industry source,Cloud Computing: Operational Efficiency update for Australia,Financial press,2026-04-24,95,95
src-01199,req-0225,https://company.example/research/cybersecurity/01199,news,Cybersecurity: Product Launches update for India,Industry association,2024-04-12,72,90
src-01200,req-0463,https://company.example/research/automotive/01200,industry source,Automotive: Partnerships update for India,Government statistics,2025-03-14,72,67
src-01201,req-0288,https://company.example/research/generative-ai/01201,government,Generative AI: Technology Adoption update for India,Regulatory authority,2026-01-12,66,64
src-01202,req-0348,https://regulator.example/research/telecom/01202,industry source,Telecom: Regulation update for Europe,Investor presentation,2025-01-26,92,84
src-01203,req-0157,https://research.example/research/e-commerce/01203,regulatory,E-commerce: Working Capital update for Canada,Company newsroom,2024-04-18,68,88
src-01204,req-0056,https://industry.example/research/semiconductors/01204,industry source,Semiconductors: Product Launches update for Southeast Asia,Investor presentation,2025-06-02,69,82
src-01205,req-0405,https://industry.example/research/automotive/01205,news,Automotive: Working Capital update for United States,Research publication,2026-05-23,71,90
src-01206,req-0046,https://company.example/research/banking/01206,industry source,Banking: Market Size update for United Kingdom,Company newsroom,2025-03-13,70,66
src-01207,req-0245,https://gov.example/research/automotive/01207,regulatory,Automotive: Market Size update for Australia,Financial press,2025-08-24,91,71
src-01208,req-0317,https://industry.example/research/generative-ai/01208,industry source,Generative AI: Operational Efficiency update for Japan,Regulatory authority,2024-01-30,91,80
src-01209,req-0482,https://regulator.example/research/consumer-goods/01209,industry source,Consumer Goods: Market Size update for India,Industry association,2025-11-18,76,65
src-01210,req-0213,https://news.example/research/logistics/01210,industry source,Logistics: Regulation update for Global,Trade publication,2024-12-10,77,85
src-01211,req-0232,https://industry.example/research/fintech/01211,research report,FinTech: Competitor Movement update for India,Regulatory authority,2026-08-12,69,97
src-01212,req-0074,https://gov.example/research/e-commerce/01212,news,E-commerce: Value Leakage update for Global,Regulatory authority,2024-05-11,76,67
src-01213,req-0108,https://regulator.example/research/banking/01213,industry source,Banking: Supply Chain update for Japan,Market data provider,2025-04-15,80,80
src-01214,req-0119,https://research.example/research/automotive/01214,industry source,Automotive: Competitor Movement update for Southeast Asia,Company newsroom,2025-06-15,73,72
src-01215,req-0403,https://regulator.example/research/cybersecurity/01215,news,Cybersecurity: Investment Trends update for Japan,Investor presentation,2025-07-16,91,92
src-01216,req-0164,https://industry.example/research/renewable-energy/01216,industry source,Renewable Energy: Market Size update for United Kingdom,Research publication,2024-10-13,66,57
src-01217,req-0255,https://news.example/research/healthcare-technology/01217,industry source,Healthcare Technology: Risk & Exposure update for Middle East,Regulatory authority,2026-03-28,98,74
src-01218,req-0425,https://news.example/research/renewable-energy/01218,regulatory,Renewable Energy: Partnerships update for United Kingdom,Company filing,2025-09-22,98,72
src-01219,req-0484,https://news.example/research/fintech/01219,news,FinTech: Product Launches update for Global,Investor presentation,2026-02-08,64,77
src-01220,req-0361,https://industry.example/research/consumer-goods/01220,regulatory,Consumer Goods: Value Leakage update for United States,Company filing,2025-05-22,97,65
src-01221,req-0493,https://news.example/research/fintech/01221,research report,FinTech: Customer Behavior update for Middle East,Investor presentation,2025-12-31,98,63
src-01222,req-0332,https://regulator.example/research/banking/01222,industry source,Banking: Product Launches update for India,Regulatory authority,2024-07-21,67,63
src-01223,req-0044,https://regulator.example/research/logistics/01223,government,Logistics: Operational Efficiency update for India,Research publication,2024-10-06,92,64
src-01224,req-0351,https://industry.example/research/industrial-automation/01224,regulatory,Industrial Automation: Partnerships update for United States,Company filing,2025-03-29,95,81
src-01225,req-0124,https://news.example/research/cloud-computing/01225,industry source,Cloud Computing: Operational Efficiency update for Canada,Investor presentation,2024-07-19,68,79
src-01226,req-0046,https://regulator.example/research/banking/01226,government,Banking: Regulation update for United Kingdom,Industry association,2025-05-03,87,79
src-01227,req-0440,https://regulator.example/research/generative-ai/01227,news,Generative AI: Risk & Exposure update for Global,Market data provider,2024-02-21,98,88
src-01228,req-0475,https://regulator.example/research/cloud-computing/01228,regulatory,Cloud Computing: Value Leakage update for Middle East,Investor presentation,2024-10-24,94,59
src-01229,req-0444,https://company.example/research/fintech/01229,news,FinTech: Supply Chain update for Canada,Company filing,2024-01-19,69,80
src-01230,req-0465,https://company.example/research/automotive/01230,industry source,Automotive: Value Leakage update for Japan,Company filing,2024-12-05,96,82
src-01231,req-0272,https://news.example/research/fintech/01231,news,FinTech: Regulation update for Japan,Industry association,2026-08-17,77,84
src-01232,req-0132,https://gov.example/research/automotive/01232,research report,Automotive: Technology Adoption update for Europe,Government statistics,2026-06-20,96,93
src-01233,req-0438,https://regulator.example/research/automotive/01233,research report,Automotive: Market Size update for India,Regulatory authority,2024-02-13,71,86
src-01234,req-0052,https://regulator.example/research/cloud-computing/01234,company source,Cloud Computing: Market Growth update for United States,Regulatory authority,2025-03-23,84,95
src-01235,req-0093,https://research.example/research/renewable-energy/01235,company source,Renewable Energy: Value Leakage update for Australia,Financial press,2025-12-24,81,97
src-01236,req-0180,https://news.example/research/fintech/01236,research report,FinTech: Investment Trends update for Canada,Market data provider,2025-01-29,70,95
src-01237,req-0340,https://company.example/research/consumer-goods/01237,news,Consumer Goods: Risk & Exposure update for Southeast Asia,Investor presentation,2025-01-08,72,57
src-01238,req-0115,https://regulator.example/research/generative-ai/01238,research report,Generative AI: Operational Efficiency update for United States,Government statistics,2025-02-23,79,85
src-01239,req-0161,https://gov.example/research/cloud-computing/01239,industry source,Cloud Computing: Pricing & Demand update for United States,Regulatory authority,2024-07-12,71,97
src-01240,req-0347,https://regulator.example/research/e-commerce/01240,news,E-commerce: Supply Chain update for United States,Company newsroom,2025-12-21,90,82
src-01241,req-0335,https://industry.example/research/cybersecurity/01241,research report,Cybersecurity: Product Launches update for India,Company filing,2026-02-04,91,96
src-01242,req-0096,https://industry.example/research/cybersecurity/01242,research report,Cybersecurity: Market Size update for Middle East,Investor presentation,2024-08-14,95,56
src-01243,req-0094,https://industry.example/research/e-commerce/01243,government,E-commerce: Risk & Exposure update for United Kingdom,Government statistics,2024-01-13,97,61
src-01244,req-0262,https://company.example/research/fintech/01244,government,FinTech: Supply Chain update for United Kingdom,Research publication,2025-04-25,67,87
src-01245,req-0096,https://regulator.example/research/cybersecurity/01245,regulatory,Cybersecurity: Partnerships update for Middle East,Regulatory authority,2024-05-12,71,84
src-01246,req-0071,https://news.example/research/cloud-computing/01246,government,Cloud Computing: Market Size update for India,Regulatory authority,2024-08-21,67,78
src-01247,req-0458,https://regulator.example/research/generative-ai/01247,industry source,Generative AI: Technology Adoption update for Middle East,Company newsroom,2024-04-08,94,98
src-01248,req-0111,https://gov.example/research/generative-ai/01248,company source,Generative AI: Operational Efficiency update for Japan,Market data provider,2025-02-17,80,94
src-01249,req-0467,https://regulator.example/research/automotive/01249,news,Automotive: Technology Adoption update for United States,Market data provider,2025-07-30,82,82
src-01250,req-0228,https://news.example/research/semiconductors/01250,research report,Semiconductors: Market Size update for India,Financial press,2026-06-30,82,69
src-01251,req-0085,https://gov.example/research/industrial-automation/01251,industry source,Industrial Automation: Pricing & Demand update for India,Company filing,2025-08-29,65,55
src-01252,req-0357,https://gov.example/research/consumer-goods/01252,research report,Consumer Goods: Risk & Exposure update for Canada,Company filing,2025-08-08,81,94
src-01253,req-0008,https://research.example/research/renewable-energy/01253,regulatory,Renewable Energy: Product Launches update for Australia,Company filing,2026-07-24,96,87
src-01254,req-0380,https://industry.example/research/cloud-computing/01254,company source,Cloud Computing: Operational Efficiency update for India,Research publication,2025-09-15,85,99
src-01255,req-0028,https://research.example/research/automotive/01255,news,Automotive: Supply Chain update for United Kingdom,Company newsroom,2025-03-07,70,97
src-01256,req-0223,https://gov.example/research/cybersecurity/01256,news,Cybersecurity: Value Leakage update for United Kingdom,Company filing,2026-02-17,99,88
src-01257,req-0312,https://industry.example/research/electric-vehicles/01257,regulatory,Electric Vehicles: Risk & Exposure update for Australia,Government statistics,2025-02-05,90,63
src-01258,req-0090,https://news.example/research/renewable-energy/01258,company source,Renewable Energy: Competitor Movement update for United States,Research publication,2025-06-21,62,68
src-01259,req-0180,https://company.example/research/fintech/01259,company source,FinTech: Customer Behavior update for Canada,Company newsroom,2025-06-05,96,56
src-01260,req-0278,https://industry.example/research/automotive/01260,government,Automotive: Competitor Movement update for Canada,Government statistics,2025-09-12,84,69
src-01261,req-0064,https://company.example/research/semiconductors/01261,company source,Semiconductors: Market Growth update for Canada,Research publication,2024-09-29,94,73
src-01262,req-0252,https://regulator.example/research/healthcare-technology/01262,regulatory,Healthcare Technology: Technology Adoption update for Europe,Government statistics,2024-08-19,75,60
src-01263,req-0004,https://industry.example/research/cloud-computing/01263,regulatory,Cloud Computing: Regulation update for United States,Research publication,2026-08-19,89,63
src-01264,req-0429,https://research.example/research/banking/01264,news,Banking: Regulation update for Japan,Company newsroom,2024-05-20,74,74
src-01265,req-0003,https://news.example/research/automotive/01265,research report,Automotive: Pricing & Demand update for Japan,Market data provider,2024-07-29,85,63
src-01266,req-0410,https://news.example/research/telecom/01266,company source,Telecom: Product Launches update for India,Government statistics,2024-08-06,84,93
src-01267,req-0179,https://news.example/research/cybersecurity/01267,government,Cybersecurity: Market Size update for Global,Company newsroom,2025-09-23,64,60
src-01268,req-0356,https://industry.example/research/cybersecurity/01268,government,Cybersecurity: Working Capital update for Canada,Financial press,2024-04-07,84,96
src-01269,req-0075,https://news.example/research/semiconductors/01269,industry source,Semiconductors: Working Capital update for India,Investor presentation,2024-07-15,86,91
src-01270,req-0058,https://industry.example/research/consumer-goods/01270,government,Consumer Goods: Market Growth update for Global,Trade publication,2026-08-26,73,55
src-01271,req-0183,https://company.example/research/fintech/01271,company source,FinTech: Risk & Exposure update for Southeast Asia,Financial press,2024-06-10,73,75
src-01272,req-0212,https://regulator.example/research/banking/01272,company source,Banking: Market Size update for Japan,Financial press,2024-10-18,79,61
src-01273,req-0066,https://research.example/research/consumer-goods/01273,research report,Consumer Goods: Customer Behavior update for United States,Company newsroom,2025-08-20,99,99
src-01274,req-0057,https://research.example/research/cloud-computing/01274,news,Cloud Computing: Operational Efficiency update for Southeast Asia,Regulatory authority,2025-04-07,91,75
src-01275,req-0141,https://regulator.example/research/consumer-goods/01275,research report,Consumer Goods: Technology Adoption update for Southeast Asia,Trade publication,2024-02-10,96,65
src-01276,req-0294,https://industry.example/research/electric-vehicles/01276,news,Electric Vehicles: Partnerships update for Global,Company filing,2026-05-19,70,86
src-01277,req-0222,https://news.example/research/generative-ai/01277,government,Generative AI: Technology Adoption update for Europe,Industry association,2025-11-06,86,98
src-01278,req-0280,https://industry.example/research/fintech/01278,company source,FinTech: Pricing & Demand update for Middle East,Industry association,2024-07-22,65,83
src-01279,req-0185,https://news.example/research/renewable-energy/01279,company source,Renewable Energy: Market Growth update for Australia,Investor presentation,2024-10-04,78,88
src-01280,req-0413,https://research.example/research/automotive/01280,government,Automotive: Operational Efficiency update for Australia,Industry association,2025-01-03,96,72
src-01281,req-0346,https://news.example/research/semiconductors/01281,news,Semiconductors: Value Leakage update for Australia,Industry association,2026-04-18,87,77
src-01282,req-0080,https://research.example/research/logistics/01282,regulatory,Logistics: Partnerships update for Europe,Market data provider,2024-10-21,94,59
src-01283,req-0330,https://company.example/research/electric-vehicles/01283,regulatory,Electric Vehicles: Market Size update for Middle East,Government statistics,2026-01-25,81,91
src-01284,req-0457,https://industry.example/research/consumer-goods/01284,industry source,Consumer Goods: Pricing & Demand update for Southeast Asia,Company newsroom,2024-02-20,93,83
src-01285,req-0035,https://regulator.example/research/logistics/01285,news,Logistics: Investment Trends update for Europe,Government statistics,2024-02-23,93,73
src-01286,req-0500,https://gov.example/research/telecom/01286,regulatory,Telecom: Customer Behavior update for United Kingdom,Investor presentation,2026-02-06,72,59
src-01287,req-0254,https://regulator.example/research/telecom/01287,company source,Telecom: Pricing & Demand update for Canada,Regulatory authority,2025-09-01,64,95
src-01288,req-0476,https://company.example/research/industrial-automation/01288,government,Industrial Automation: Regulation update for India,Research publication,2024-09-07,85,55
src-01289,req-0371,https://gov.example/research/healthcare-technology/01289,news,Healthcare Technology: Supply Chain update for United Kingdom,Industry association,2026-06-05,94,84
src-01290,req-0364,https://company.example/research/cybersecurity/01290,regulatory,Cybersecurity: Competitor Movement update for Japan,Investor presentation,2025-05-10,88,77
src-01291,req-0308,https://industry.example/research/generative-ai/01291,research report,Generative AI: Customer Behavior update for India,Investor presentation,2026-07-16,95,66
src-01292,req-0238,https://company.example/research/electric-vehicles/01292,research report,Electric Vehicles: Market Size update for Middle East,Company newsroom,2025-07-13,85,71
src-01293,req-0001,https://news.example/research/industrial-automation/01293,news,Industrial Automation: Market Size update for Southeast Asia,Regulatory authority,2026-07-04,65,72
src-01294,req-0173,https://news.example/research/consumer-goods/01294,research report,Consumer Goods: Supply Chain update for United Kingdom,Government statistics,2025-03-15,83,96
src-01295,req-0113,https://company.example/research/industrial-automation/01295,regulatory,Industrial Automation: Value Leakage update for India,Market data provider,2025-01-24,97,95
src-01296,req-0056,https://news.example/research/semiconductors/01296,news,Semiconductors: Technology Adoption update for Southeast Asia,Financial press,2024-12-12,72,90
src-01297,req-0421,https://regulator.example/research/consumer-goods/01297,news,Consumer Goods: Pricing & Demand update for Japan,Financial press,2024-09-14,70,96
src-01298,req-0183,https://industry.example/research/fintech/01298,government,FinTech: Value Leakage update for Southeast Asia,Research publication,2026-07-29,96,95
src-01299,req-0488,https://regulator.example/research/consumer-goods/01299,government,Consumer Goods: Customer Behavior update for United States,Company newsroom,2024-07-19,71,67
src-01300,req-0341,https://regulator.example/research/telecom/01300,news,Telecom: Competitor Movement update for Japan,Research publication,2025-01-17,96,81
src-01301,req-0373,https://company.example/research/renewable-energy/01301,regulatory,Renewable Energy: Risk & Exposure update for Australia,Government statistics,2024-08-29,90,58
src-01302,req-0320,https://gov.example/research/telecom/01302,company source,Telecom: Investment Trends update for United Kingdom,Industry association,2025-10-27,65,90
src-01303,req-0382,https://research.example/research/renewable-energy/01303,company source,Renewable Energy: Operational Efficiency update for Middle East,Investor presentation,2026-08-06,76,59
src-01304,req-0433,https://company.example/research/generative-ai/01304,research report,Generative AI: Value Leakage update for Southeast Asia,Research publication,2024-10-19,62,99
src-01305,req-0008,https://industry.example/research/renewable-energy/01305,industry source,Renewable Energy: Technology Adoption update for Australia,Regulatory authority,2025-04-26,98,74
src-01306,req-0054,https://regulator.example/research/banking/01306,company source,Banking: Technology Adoption update for United States,Investor presentation,2024-12-23,92,69
src-01307,req-0191,https://company.example/research/banking/01307,regulatory,Banking: Customer Behavior update for Japan,Company filing,2025-04-22,90,70
src-01308,req-0115,https://news.example/research/generative-ai/01308,regulatory,Generative AI: Technology Adoption update for United States,Industry association,2024-05-16,88,84
src-01309,req-0283,https://research.example/research/electric-vehicles/01309,government,Electric Vehicles: Operational Efficiency update for Australia,Financial press,2025-01-01,70,91
src-01310,req-0311,https://news.example/research/telecom/01310,industry source,Telecom: Value Leakage update for Middle East,Regulatory authority,2025-02-20,79,64
src-01311,req-0429,https://gov.example/research/banking/01311,research report,Banking: Operational Efficiency update for Japan,Financial press,2024-06-05,91,99
src-01312,req-0056,https://regulator.example/research/semiconductors/01312,government,Semiconductors: Technology Adoption update for Southeast Asia,Government statistics,2025-12-09,77,87
src-01313,req-0209,https://company.example/research/consumer-goods/01313,company source,Consumer Goods: Regulation update for Australia,Financial press,2024-08-21,74,69
src-01314,req-0242,https://research.example/research/industrial-automation/01314,company source,Industrial Automation: Investment Trends update for Canada,Industry association,2025-09-07,68,76
src-01315,req-0408,https://company.example/research/consumer-goods/01315,regulatory,Consumer Goods: Supply Chain update for Europe,Market data provider,2024-07-09,82,59
src-01316,req-0261,https://company.example/research/healthcare-technology/01316,regulatory,Healthcare Technology: Operational Efficiency update for United States,Market data provider,2026-01-03,63,87
src-01317,req-0110,https://industry.example/research/e-commerce/01317,news,E-commerce: Operational Efficiency update for Middle East,Trade publication,2024-01-14,80,92
src-01318,req-0038,https://regulator.example/research/renewable-energy/01318,research report,Renewable Energy: Product Launches update for Europe,Company filing,2025-09-30,62,83
src-01319,req-0128,https://industry.example/research/semiconductors/01319,industry source,Semiconductors: Partnerships update for United States,Company newsroom,2025-03-23,63,55
src-01320,req-0482,https://gov.example/research/consumer-goods/01320,industry source,Consumer Goods: Pricing & Demand update for India,Investor presentation,2025-11-16,69,75
src-01321,req-0467,https://industry.example/research/automotive/01321,government,Automotive: Investment Trends update for United States,Trade publication,2025-04-24,73,94
src-01322,req-0072,https://gov.example/research/renewable-energy/01322,research report,Renewable Energy: Competitor Movement update for Japan,Government statistics,2025-05-19,62,74
src-01323,req-0120,https://company.example/research/e-commerce/01323,industry source,E-commerce: Technology Adoption update for Japan,Industry association,2024-11-01,96,78
src-01324,req-0313,https://research.example/research/consumer-goods/01324,government,Consumer Goods: Partnerships update for United Kingdom,Company newsroom,2024-01-08,92,68
src-01325,req-0240,https://industry.example/research/e-commerce/01325,industry source,E-commerce: Supply Chain update for Global,Company newsroom,2024-05-24,89,92
src-01326,req-0076,https://regulator.example/research/cloud-computing/01326,regulatory,Cloud Computing: Risk & Exposure update for Japan,Industry association,2025-04-05,97,56
src-01327,req-0199,https://news.example/research/electric-vehicles/01327,government,Electric Vehicles: Customer Behavior update for Southeast Asia,Financial press,2025-04-06,98,78
src-01328,req-0376,https://gov.example/research/fintech/01328,research report,FinTech: Operational Efficiency update for Australia,Regulatory authority,2026-07-11,97,59
src-01329,req-0409,https://gov.example/research/automotive/01329,news,Automotive: Working Capital update for Canada,Regulatory authority,2026-05-29,81,78
src-01330,req-0042,https://research.example/research/cybersecurity/01330,news,Cybersecurity: Regulation update for Canada,Investor presentation,2025-10-23,90,96
src-01331,req-0335,https://regulator.example/research/cybersecurity/01331,government,Cybersecurity: Pricing & Demand update for India,Market data provider,2024-10-21,66,55
src-01332,req-0289,https://research.example/research/e-commerce/01332,news,E-commerce: Market Growth update for Japan,Government statistics,2025-02-02,65,92
src-01333,req-0285,https://news.example/research/logistics/01333,government,Logistics: Value Leakage update for Global,Company filing,2025-11-27,66,80
src-01334,req-0396,https://regulator.example/research/e-commerce/01334,industry source,E-commerce: Partnerships update for Global,Research publication,2026-02-18,79,84
src-01335,req-0303,https://news.example/research/banking/01335,regulatory,Banking: Risk & Exposure update for Europe,Company filing,2026-01-02,87,87
src-01336,req-0257,https://research.example/research/industrial-automation/01336,news,Industrial Automation: Pricing & Demand update for Canada,Government statistics,2025-06-03,88,70
src-01337,req-0268,https://regulator.example/research/electric-vehicles/01337,company source,Electric Vehicles: Operational Efficiency update for India,Company filing,2024-04-28,73,81
src-01338,req-0350,https://regulator.example/research/banking/01338,news,Banking: Market Size update for Canada,Investor presentation,2026-02-02,82,67
src-01339,req-0071,https://regulator.example/research/cloud-computing/01339,regulatory,Cloud Computing: Customer Behavior update for India,Company filing,2024-09-17,98,84
src-01340,req-0022,https://regulator.example/research/fintech/01340,news,FinTech: Risk & Exposure update for Australia,Research publication,2026-08-02,91,92
src-01341,req-0096,https://industry.example/research/cybersecurity/01341,research report,Cybersecurity: Regulation update for Middle East,Company filing,2026-07-25,91,97
src-01342,req-0001,https://industry.example/research/industrial-automation/01342,government,Industrial Automation: Competitor Movement update for Southeast Asia,Regulatory authority,2024-02-20,89,57
src-01343,req-0045,https://company.example/research/generative-ai/01343,research report,Generative AI: Investment Trends update for United States,Research publication,2025-01-05,74,95
src-01344,req-0246,https://company.example/research/automotive/01344,government,Automotive: Customer Behavior update for Europe,Regulatory authority,2026-06-13,79,79
src-01345,req-0400,https://regulator.example/research/industrial-automation/01345,research report,Industrial Automation: Competitor Movement update for Australia,Market data provider,2026-03-12,80,81
src-01346,req-0412,https://industry.example/research/healthcare-technology/01346,government,Healthcare Technology: Product Launches update for Southeast Asia,Company filing,2026-01-19,85,89
src-01347,req-0274,https://industry.example/research/consumer-goods/01347,regulatory,Consumer Goods: Partnerships update for Japan,Regulatory authority,2026-04-10,73,84
src-01348,req-0152,https://industry.example/research/consumer-goods/01348,research report,Consumer Goods: Investment Trends update for India,Company newsroom,2026-01-05,67,65
src-01349,req-0466,https://news.example/research/cloud-computing/01349,government,Cloud Computing: Risk & Exposure update for Canada,Research publication,2026-08-05,86,84
src-01350,req-0283,https://gov.example/research/electric-vehicles/01350,company source,Electric Vehicles: Competitor Movement update for Australia,Financial press,2024-07-28,93,78
src-01351,req-0018,https://research.example/research/cybersecurity/01351,industry source,Cybersecurity: Competitor Movement update for Middle East,Investor presentation,2025-04-09,98,61
src-01352,req-0342,https://news.example/research/fintech/01352,industry source,FinTech: Partnerships update for Japan,Market data provider,2025-02-07,71,63
src-01353,req-0126,https://regulator.example/research/e-commerce/01353,company source,E-commerce: Technology Adoption update for Australia,Regulatory authority,2025-07-25,86,73
src-01354,req-0147,https://regulator.example/research/cloud-computing/01354,research report,Cloud Computing: Product Launches update for India,Regulatory authority,2025-03-17,91,57
src-01355,req-0147,https://news.example/research/cloud-computing/01355,news,Cloud Computing: Competitor Movement update for India,Investor presentation,2024-10-06,90,55
src-01356,req-0466,https://news.example/research/cloud-computing/01356,regulatory,Cloud Computing: Competitor Movement update for Canada,Company filing,2026-06-23,78,88
src-01357,req-0221,https://regulator.example/research/telecom/01357,industry source,Telecom: Product Launches update for United Kingdom,Industry association,2025-08-14,85,95
src-01358,req-0263,https://industry.example/research/logistics/01358,regulatory,Logistics: Risk & Exposure update for Europe,Research publication,2026-04-12,82,86
src-01359,req-0246,https://gov.example/research/automotive/01359,company source,Automotive: Working Capital update for Europe,Company newsroom,2025-05-01,83,88
src-01360,req-0497,https://research.example/research/banking/01360,industry source,Banking: Technology Adoption update for Europe,Industry association,2024-12-01,76,92
src-01361,req-0113,https://news.example/research/industrial-automation/01361,industry source,Industrial Automation: Technology Adoption update for India,Investor presentation,2025-02-03,65,77
src-01362,req-0116,https://company.example/research/healthcare-technology/01362,company source,Healthcare Technology: Regulation update for Europe,Investor presentation,2026-06-26,89,98
src-01363,req-0459,https://industry.example/research/industrial-automation/01363,company source,Industrial Automation: Pricing & Demand update for United States,Market data provider,2024-06-23,87,82
src-01364,req-0384,https://gov.example/research/cybersecurity/01364,news,Cybersecurity: Market Growth update for Canada,Government statistics,2025-07-02,74,66
src-01365,req-0047,https://research.example/research/banking/01365,news,Banking: Market Size update for Southeast Asia,Trade publication,2024-03-12,91,82
src-01366,req-0058,https://research.example/research/consumer-goods/01366,research report,Consumer Goods: Supply Chain update for Global,Industry association,2025-11-16,71,99
src-01367,req-0259,https://industry.example/research/automotive/01367,government,Automotive: Market Growth update for United Kingdom,Company filing,2024-09-12,67,87
src-01368,req-0459,https://company.example/research/industrial-automation/01368,news,Industrial Automation: Value Leakage update for United States,Trade publication,2024-08-19,78,73
src-01369,req-0081,https://news.example/research/generative-ai/01369,company source,Generative AI: Market Growth update for Global,Company newsroom,2026-02-23,64,96
src-01370,req-0443,https://industry.example/research/semiconductors/01370,company source,Semiconductors: Supply Chain update for Canada,Industry association,2025-12-12,74,55
src-01371,req-0448,https://regulator.example/research/fintech/01371,industry source,FinTech: Market Growth update for Global,Research publication,2024-01-21,88,87
src-01372,req-0182,https://regulator.example/research/healthcare-technology/01372,company source,Healthcare Technology: Value Leakage update for India,Investor presentation,2026-07-10,82,78
src-01373,req-0227,https://research.example/research/renewable-energy/01373,news,Renewable Energy: Value Leakage update for United States,Regulatory authority,2026-07-19,82,91
src-01374,req-0319,https://research.example/research/cloud-computing/01374,news,Cloud Computing: Working Capital update for Japan,Industry association,2024-01-26,77,75
src-01375,req-0017,https://news.example/research/logistics/01375,research report,Logistics: Pricing & Demand update for Australia,Market data provider,2025-03-01,91,65
src-01376,req-0386,https://regulator.example/research/generative-ai/01376,news,Generative AI: Customer Behavior update for Global,Company filing,2025-08-07,89,60
src-01377,req-0149,https://research.example/research/renewable-energy/01377,regulatory,Renewable Energy: Value Leakage update for United Kingdom,Investor presentation,2025-03-14,68,78
src-01378,req-0327,https://company.example/research/cybersecurity/01378,industry source,Cybersecurity: Technology Adoption update for India,Investor presentation,2026-01-24,93,63
src-01379,req-0040,https://gov.example/research/e-commerce/01379,government,E-commerce: Value Leakage update for Japan,Research publication,2026-07-06,91,93
src-01380,req-0031,https://industry.example/research/generative-ai/01380,research report,Generative AI: Technology Adoption update for Southeast Asia,Industry association,2026-08-10,82,87
src-01381,req-0124,https://industry.example/research/cloud-computing/01381,government,Cloud Computing: Risk & Exposure update for Canada,Market data provider,2024-01-28,92,70
src-01382,req-0237,https://company.example/research/automotive/01382,government,Automotive: Operational Efficiency update for United Kingdom,Company filing,2024-06-09,82,57
src-01383,req-0290,https://news.example/research/banking/01383,company source,Banking: Working Capital update for Middle East,Trade publication,2024-02-24,68,87
src-01384,req-0176,https://news.example/research/generative-ai/01384,news,Generative AI: Competitor Movement update for Southeast Asia,Financial press,2025-09-09,77,63
src-01385,req-0134,https://gov.example/research/cloud-computing/01385,company source,Cloud Computing: Technology Adoption update for Europe,Research publication,2025-08-04,86,71
src-01386,req-0325,https://industry.example/research/cybersecurity/01386,company source,Cybersecurity: Market Growth update for India,Industry association,2025-05-29,64,58
src-01387,req-0140,https://gov.example/research/renewable-energy/01387,research report,Renewable Energy: Market Growth update for Australia,Financial press,2025-07-17,75,94
src-01388,req-0175,https://news.example/research/generative-ai/01388,regulatory,Generative AI: Risk & Exposure update for United Kingdom,Regulatory authority,2026-01-08,66,58
src-01389,req-0092,https://news.example/research/automotive/01389,research report,Automotive: Product Launches update for India,Industry association,2024-02-08,97,56
src-01390,req-0218,https://company.example/research/healthcare-technology/01390,industry source,Healthcare Technology: Supply Chain update for Global,Regulatory authority,2026-03-24,95,89
src-01391,req-0273,https://company.example/research/logistics/01391,research report,Logistics: Market Growth update for Middle East,Investor presentation,2025-07-12,62,79
src-01392,req-0421,https://news.example/research/consumer-goods/01392,regulatory,Consumer Goods: Regulation update for Japan,Market data provider,2024-10-21,93,86
src-01393,req-0051,https://company.example/research/healthcare-technology/01393,research report,Healthcare Technology: Technology Adoption update for India,Company newsroom,2025-07-07,62,77
src-01394,req-0184,https://news.example/research/industrial-automation/01394,regulatory,Industrial Automation: Competitor Movement update for Canada,Company filing,2024-05-26,89,89
src-01395,req-0139,https://company.example/research/electric-vehicles/01395,company source,Electric Vehicles: Competitor Movement update for Global,Market data provider,2026-03-06,73,61
src-01396,req-0240,https://research.example/research/e-commerce/01396,industry source,E-commerce: Technology Adoption update for Global,Company filing,2026-01-25,62,99
src-01397,req-0357,https://company.example/research/consumer-goods/01397,government,Consumer Goods: Competitor Movement update for Canada,Market data provider,2025-08-24,96,77
src-01398,req-0395,https://news.example/research/semiconductors/01398,company source,Semiconductors: Partnerships update for Canada,Regulatory authority,2024-05-05,86,77
src-01399,req-0378,https://company.example/research/healthcare-technology/01399,news,Healthcare Technology: Partnerships update for Japan,Government statistics,2025-01-09,97,69
src-01400,req-0172,https://company.example/research/electric-vehicles/01400,government,Electric Vehicles: Investment Trends update for United States,Investor presentation,2025-08-30,99,94
src-01401,req-0081,https://research.example/research/generative-ai/01401,industry source,Generative AI: Product Launches update for Global,Company newsroom,2026-05-29,82,92
src-01402,req-0344,https://gov.example/research/industrial-automation/01402,company source,Industrial Automation: Customer Behavior update for Southeast Asia,Company filing,2024-04-29,65,96
src-01403,req-0018,https://gov.example/research/cybersecurity/01403,research report,Cybersecurity: Pricing & Demand update for Middle East,Research publication,2026-03-20,93,84
src-01404,req-0221,https://industry.example/research/telecom/01404,news,Telecom: Market Size update for United Kingdom,Investor presentation,2024-01-05,84,89
src-01405,req-0257,https://industry.example/research/industrial-automation/01405,news,Industrial Automation: Market Growth update for Canada,Investor presentation,2024-04-28,89,65
src-01406,req-0036,https://news.example/research/banking/01406,research report,Banking: Partnerships update for Japan,Research publication,2025-03-15,87,58
src-01407,req-0246,https://regulator.example/research/automotive/01407,research report,Automotive: Competitor Movement update for Europe,Market data provider,2025-04-05,88,81
src-01408,req-0237,https://gov.example/research/automotive/01408,company source,Automotive: Supply Chain update for United Kingdom,Industry association,2025-07-12,74,94
src-01409,req-0039,https://research.example/research/semiconductors/01409,company source,Semiconductors: Regulation update for Europe,Financial press,2024-06-30,78,89
src-01410,req-0274,https://industry.example/research/consumer-goods/01410,news,Consumer Goods: Investment Trends update for Japan,Investor presentation,2024-08-10,88,83
src-01411,req-0416,https://news.example/research/fintech/01411,industry source,FinTech: Supply Chain update for Europe,Trade publication,2024-11-10,93,96
src-01412,req-0323,https://gov.example/research/automotive/01412,company source,Automotive: Product Launches update for United Kingdom,Government statistics,2026-04-13,79,84
src-01413,req-0119,https://research.example/research/automotive/01413,government,Automotive: Investment Trends update for Southeast Asia,Research publication,2026-05-19,79,58
src-01414,req-0154,https://gov.example/research/e-commerce/01414,industry source,E-commerce: Technology Adoption update for United States,Research publication,2025-01-26,64,76
src-01415,req-0457,https://gov.example/research/consumer-goods/01415,news,Consumer Goods: Investment Trends update for Southeast Asia,Investor presentation,2025-02-14,78,95
src-01416,req-0030,https://news.example/research/generative-ai/01416,research report,Generative AI: Partnerships update for Europe,Market data provider,2026-03-01,85,74
src-01417,req-0173,https://news.example/research/consumer-goods/01417,news,Consumer Goods: Value Leakage update for United Kingdom,Trade publication,2025-03-12,81,87
src-01418,req-0222,https://company.example/research/generative-ai/01418,research report,Generative AI: Risk & Exposure update for Europe,Company filing,2026-03-29,86,62
src-01419,req-0004,https://regulator.example/research/cloud-computing/01419,regulatory,Cloud Computing: Customer Behavior update for United States,Market data provider,2024-05-30,77,94
src-01420,req-0083,https://gov.example/research/consumer-goods/01420,government,Consumer Goods: Investment Trends update for Canada,Investor presentation,2026-08-17,95,63
src-01421,req-0128,https://research.example/research/semiconductors/01421,research report,Semiconductors: Customer Behavior update for United States,Government statistics,2024-11-08,96,84
src-01422,req-0254,https://news.example/research/telecom/01422,government,Telecom: Value Leakage update for Canada,Research publication,2025-10-20,92,65
src-01423,req-0308,https://research.example/research/generative-ai/01423,company source,Generative AI: Value Leakage update for India,Regulatory authority,2024-11-30,74,79
src-01424,req-0434,https://research.example/research/automotive/01424,company source,Automotive: Operational Efficiency update for Canada,Trade publication,2025-10-18,74,68
src-01425,req-0015,https://news.example/research/e-commerce/01425,industry source,E-commerce: Operational Efficiency update for United States,Industry association,2025-07-28,84,61
src-01426,req-0123,https://industry.example/research/generative-ai/01426,company source,Generative AI: Operational Efficiency update for Japan,Government statistics,2025-11-10,69,68
src-01427,req-0126,https://news.example/research/e-commerce/01427,company source,E-commerce: Investment Trends update for Australia,Investor presentation,2024-02-22,66,82
src-01428,req-0327,https://regulator.example/research/cybersecurity/01428,research report,Cybersecurity: Regulation update for India,Research publication,2026-07-09,64,94
src-01429,req-0017,https://gov.example/research/logistics/01429,news,Logistics: Market Size update for Australia,Research publication,2024-04-16,91,55
src-01430,req-0366,https://gov.example/research/banking/01430,research report,Banking: Risk & Exposure update for Japan,Trade publication,2024-09-27,65,78
src-01431,req-0143,https://research.example/research/banking/01431,research report,Banking: Risk & Exposure update for Global,Regulatory authority,2025-06-22,73,84
src-01432,req-0298,https://gov.example/research/automotive/01432,company source,Automotive: Supply Chain update for United Kingdom,Company newsroom,2025-09-08,70,58
src-01433,req-0404,https://research.example/research/fintech/01433,government,FinTech: Partnerships update for Canada,Market data provider,2025-02-18,71,67
src-01434,req-0117,https://regulator.example/research/automotive/01434,government,Automotive: Supply Chain update for Southeast Asia,Financial press,2026-01-25,62,69
src-01435,req-0208,https://news.example/research/semiconductors/01435,industry source,Semiconductors: Market Growth update for Japan,Government statistics,2025-09-23,79,60
src-01436,req-0420,https://gov.example/research/fintech/01436,news,FinTech: Pricing & Demand update for Global,Trade publication,2026-05-30,86,63
src-01437,req-0013,https://gov.example/research/cloud-computing/01437,research report,Cloud Computing: Value Leakage update for Global,Government statistics,2025-09-27,94,60
src-01438,req-0083,https://industry.example/research/consumer-goods/01438,industry source,Consumer Goods: Operational Efficiency update for Canada,Market data provider,2024-12-05,68,84
src-01439,req-0349,https://company.example/research/electric-vehicles/01439,regulatory,Electric Vehicles: Competitor Movement update for Global,Trade publication,2025-10-24,62,89
src-01440,req-0173,https://gov.example/research/consumer-goods/01440,government,Consumer Goods: Market Growth update for United Kingdom,Research publication,2024-01-30,96,66
src-01441,req-0092,https://company.example/research/automotive/01441,company source,Automotive: Supply Chain update for India,Industry association,2026-05-18,98,72
src-01442,req-0459,https://industry.example/research/industrial-automation/01442,government,Industrial Automation: Product Launches update for United States,Financial press,2025-09-14,82,89
src-01443,req-0329,https://gov.example/research/healthcare-technology/01443,industry source,Healthcare Technology: Partnerships update for Europe,Regulatory authority,2024-02-24,73,90
src-01444,req-0319,https://company.example/research/cloud-computing/01444,government,Cloud Computing: Market Growth update for Japan,Industry association,2024-11-17,92,56
src-01445,req-0083,https://news.example/research/consumer-goods/01445,research report,Consumer Goods: Competitor Movement update for Canada,Industry association,2026-07-10,64,78
src-01446,req-0151,https://gov.example/research/industrial-automation/01446,news,Industrial Automation: Market Size update for Canada,Company newsroom,2025-08-17,95,86
src-01447,req-0204,https://research.example/research/renewable-energy/01447,regulatory,Renewable Energy: Pricing & Demand update for Global,Government statistics,2024-02-18,80,63
src-01448,req-0032,https://company.example/research/automotive/01448,news,Automotive: Market Growth update for Global,Company filing,2026-04-15,86,69
src-01449,req-0329,https://news.example/research/healthcare-technology/01449,news,Healthcare Technology: Working Capital update for Europe,Market data provider,2025-12-10,83,66
src-01450,req-0417,https://company.example/research/generative-ai/01450,news,Generative AI: Supply Chain update for United States,Investor presentation,2025-10-31,72,72
src-01451,req-0488,https://industry.example/research/consumer-goods/01451,news,Consumer Goods: Customer Behavior update for United States,Industry association,2024-02-09,72,69
src-01452,req-0441,https://industry.example/research/semiconductors/01452,news,Semiconductors: Supply Chain update for India,Investor presentation,2025-06-30,97,95
src-01453,req-0467,https://gov.example/research/automotive/01453,regulatory,Automotive: Operational Efficiency update for United States,Financial press,2024-08-04,94,68
src-01454,req-0255,https://regulator.example/research/healthcare-technology/01454,industry source,Healthcare Technology: Competitor Movement update for Middle East,Company newsroom,2025-01-23,84,75
src-01455,req-0106,https://regulator.example/research/renewable-energy/01455,industry source,Renewable Energy: Supply Chain update for United Kingdom,Market data provider,2025-05-11,73,69
src-01456,req-0300,https://industry.example/research/fintech/01456,government,FinTech: Operational Efficiency update for Global,Industry association,2025-10-25,79,71
src-01457,req-0235,https://company.example/research/healthcare-technology/01457,news,Healthcare Technology: Market Growth update for Middle East,Industry association,2025-09-17,78,85
src-01458,req-0307,https://industry.example/research/healthcare-technology/01458,government,Healthcare Technology: Risk & Exposure update for Global,Company filing,2026-01-24,75,77
src-01459,req-0128,https://regulator.example/research/semiconductors/01459,research report,Semiconductors: Working Capital update for United States,Research publication,2025-12-18,99,73
src-01460,req-0174,https://research.example/research/healthcare-technology/01460,company source,Healthcare Technology: Investment Trends update for India,Government statistics,2025-01-12,76,97
src-01461,req-0245,https://news.example/research/automotive/01461,research report,Automotive: Competitor Movement update for Australia,Financial press,2024-03-15,67,86
src-01462,req-0142,https://industry.example/research/healthcare-technology/01462,research report,Healthcare Technology: Customer Behavior update for United States,Company newsroom,2024-01-12,76,61
src-01463,req-0325,https://research.example/research/cybersecurity/01463,regulatory,Cybersecurity: Market Size update for India,Industry association,2024-02-11,75,58
src-01464,req-0008,https://regulator.example/research/renewable-energy/01464,company source,Renewable Energy: Market Size update for Australia,Industry association,2025-11-13,77,88
src-01465,req-0103,https://news.example/research/healthcare-technology/01465,research report,Healthcare Technology: Market Size update for United States,Government statistics,2024-11-14,72,99
src-01466,req-0342,https://gov.example/research/fintech/01466,regulatory,FinTech: Regulation update for Japan,Company filing,2025-09-16,64,82
src-01467,req-0156,https://industry.example/research/banking/01467,company source,Banking: Technology Adoption update for United States,Industry association,2025-11-24,90,68
src-01468,req-0042,https://company.example/research/cybersecurity/01468,government,Cybersecurity: Market Size update for Canada,Research publication,2026-03-31,73,79
src-01469,req-0180,https://company.example/research/fintech/01469,research report,FinTech: Supply Chain update for Canada,Industry association,2024-07-22,84,71
src-01470,req-0484,https://industry.example/research/fintech/01470,news,FinTech: Investment Trends update for Global,Financial press,2024-11-03,97,99
src-01471,req-0051,https://company.example/research/healthcare-technology/01471,regulatory,Healthcare Technology: Partnerships update for India,Industry association,2024-09-29,81,64
src-01472,req-0012,https://research.example/research/electric-vehicles/01472,company source,Electric Vehicles: Customer Behavior update for Australia,Industry association,2025-08-31,99,61
src-01473,req-0211,https://company.example/research/renewable-energy/01473,regulatory,Renewable Energy: Market Growth update for Europe,Research publication,2024-10-18,72,92
src-01474,req-0346,https://news.example/research/semiconductors/01474,research report,Semiconductors: Market Growth update for Australia,Financial press,2025-02-22,96,67
src-01475,req-0436,https://company.example/research/electric-vehicles/01475,regulatory,Electric Vehicles: Regulation update for Middle East,Financial press,2025-12-30,75,91
src-01476,req-0110,https://news.example/research/e-commerce/01476,government,E-commerce: Operational Efficiency update for Middle East,Regulatory authority,2025-08-22,91,59
src-01477,req-0354,https://research.example/research/healthcare-technology/01477,government,Healthcare Technology: Market Growth update for Europe,Research publication,2025-02-26,73,83
src-01478,req-0059,https://news.example/research/banking/01478,research report,Banking: Value Leakage update for Europe,Industry association,2024-11-05,91,66
src-01479,req-0185,https://regulator.example/research/renewable-energy/01479,company source,Renewable Energy: Market Growth update for Australia,Market data provider,2024-05-23,79,63
src-01480,req-0350,https://news.example/research/banking/01480,company source,Banking: Market Size update for Canada,Industry association,2024-12-04,84,61
src-01481,req-0444,https://gov.example/research/fintech/01481,regulatory,FinTech: Operational Efficiency update for Canada,Research publication,2026-04-07,64,96
src-01482,req-0481,https://regulator.example/research/electric-vehicles/01482,government,Electric Vehicles: Regulation update for Canada,Financial press,2024-12-23,71,56
src-01483,req-0040,https://news.example/research/e-commerce/01483,government,E-commerce: Technology Adoption update for Japan,Financial press,2025-06-26,85,55
src-01484,req-0496,https://gov.example/research/cybersecurity/01484,industry source,Cybersecurity: Pricing & Demand update for Southeast Asia,Financial press,2026-08-05,71,73
src-01485,req-0243,https://industry.example/research/healthcare-technology/01485,research report,Healthcare Technology: Market Growth update for United States,Company filing,2025-04-03,87,93
src-01486,req-0343,https://gov.example/research/cloud-computing/01486,news,Cloud Computing: Pricing & Demand update for Middle East,Market data provider,2025-06-18,68,87
src-01487,req-0154,https://gov.example/research/e-commerce/01487,regulatory,E-commerce: Customer Behavior update for United States,Investor presentation,2025-09-29,87,78
src-01488,req-0261,https://research.example/research/healthcare-technology/01488,research report,Healthcare Technology: Investment Trends update for United States,Company newsroom,2026-08-21,72,73
src-01489,req-0391,https://regulator.example/research/cybersecurity/01489,industry source,Cybersecurity: Regulation update for Japan,Company filing,2025-11-28,77,71
src-01490,req-0184,https://industry.example/research/industrial-automation/01490,news,Industrial Automation: Product Launches update for Canada,Industry association,2025-04-03,73,71
src-01491,req-0175,https://research.example/research/generative-ai/01491,company source,Generative AI: Partnerships update for United Kingdom,Government statistics,2024-01-26,75,75
src-01492,req-0422,https://research.example/research/banking/01492,news,Banking: Customer Behavior update for Japan,Trade publication,2025-08-21,65,92
src-01493,req-0490,https://news.example/research/automotive/01493,regulatory,Automotive: Partnerships update for India,Company filing,2024-08-31,78,74
src-01494,req-0278,https://gov.example/research/automotive/01494,regulatory,Automotive: Regulation update for Canada,Financial press,2024-08-12,91,79
src-01495,req-0031,https://research.example/research/generative-ai/01495,government,Generative AI: Market Growth update for Southeast Asia,Investor presentation,2025-06-10,77,92
src-01496,req-0475,https://research.example/research/cloud-computing/01496,research report,Cloud Computing: Competitor Movement update for Middle East,Investor presentation,2025-01-06,88,57
src-01497,req-0096,https://industry.example/research/cybersecurity/01497,research report,Cybersecurity: Product Launches update for Middle East,Market data provider,2026-03-13,91,65
src-01498,req-0416,https://research.example/research/fintech/01498,regulatory,FinTech: Customer Behavior update for Europe,Research publication,2025-05-31,64,84
src-01499,req-0102,https://company.example/research/logistics/01499,government,Logistics: Pricing & Demand update for Europe,Company filing,2026-05-11,95,62
src-01500,req-0311,https://research.example/research/telecom/01500,research report,Telecom: Market Size update for Middle East,Investor presentation,2026-03-19,82,80
src-01501,req-0016,https://news.example/research/industrial-automation/01501,company source,Industrial Automation: Operational Efficiency update for United Kingdom,Regulatory authority,2024-08-17,68,73
src-01502,req-0308,https://news.example/research/generative-ai/01502,news,Generative AI: Pricing & Demand update for India,Investor presentation,2025-02-22,73,93
src-01503,req-0373,https://industry.example/research/renewable-energy/01503,company source,Renewable Energy: Market Size update for Australia,Regulatory authority,2025-06-24,90,68
src-01504,req-0470,https://company.example/research/generative-ai/01504,company source,Generative AI: Market Size update for Global,Government statistics,2024-11-03,71,80
src-01505,req-0086,https://news.example/research/healthcare-technology/01505,regulatory,Healthcare Technology: Pricing & Demand update for United Kingdom,Trade publication,2025-02-16,65,88
src-01506,req-0461,https://regulator.example/research/fintech/01506,company source,FinTech: Pricing & Demand update for Southeast Asia,Trade publication,2024-04-07,95,82
src-01507,req-0188,https://gov.example/research/consumer-goods/01507,company source,Consumer Goods: Market Growth update for United Kingdom,Investor presentation,2025-07-29,99,63
src-01508,req-0118,https://research.example/research/e-commerce/01508,company source,E-commerce: Technology Adoption update for Australia,Government statistics,2026-01-12,76,93
src-01509,req-0020,https://research.example/research/banking/01509,government,Banking: Investment Trends update for Australia,Research publication,2026-03-21,80,72
src-01510,req-0302,https://news.example/research/semiconductors/01510,industry source,Semiconductors: Value Leakage update for United Kingdom,Regulatory authority,2024-08-19,65,93
src-01511,req-0152,https://company.example/research/consumer-goods/01511,industry source,Consumer Goods: Risk & Exposure update for India,Investor presentation,2025-10-02,75,77
src-01512,req-0181,https://company.example/research/generative-ai/01512,research report,Generative AI: Pricing & Demand update for Europe,Company filing,2024-01-26,68,87
src-01513,req-0389,https://regulator.example/research/semiconductors/01513,regulatory,Semiconductors: Technology Adoption update for Southeast Asia,Financial press,2024-08-17,87,79
src-01514,req-0186,https://news.example/research/automotive/01514,news,Automotive: Market Size update for India,Industry association,2025-09-01,94,94
src-01515,req-0123,https://news.example/research/generative-ai/01515,industry source,Generative AI: Customer Behavior update for Japan,Financial press,2025-12-10,76,69
src-01516,req-0064,https://company.example/research/semiconductors/01516,government,Semiconductors: Working Capital update for Canada,Regulatory authority,2025-02-15,65,89
src-01517,req-0119,https://regulator.example/research/automotive/01517,government,Automotive: Market Growth update for Southeast Asia,Financial press,2024-11-12,73,94
src-01518,req-0159,https://research.example/research/electric-vehicles/01518,company source,Electric Vehicles: Competitor Movement update for Australia,Investor presentation,2024-07-01,88,87
src-01519,req-0235,https://research.example/research/healthcare-technology/01519,research report,Healthcare Technology: Partnerships update for Middle East,Research publication,2024-01-19,67,75
src-01520,req-0206,https://gov.example/research/cybersecurity/01520,research report,Cybersecurity: Market Size update for Japan,Company filing,2025-08-16,89,86
src-01521,req-0254,https://gov.example/research/telecom/01521,news,Telecom: Supply Chain update for Canada,Financial press,2025-07-24,97,65
src-01522,req-0420,https://research.example/research/fintech/01522,news,FinTech: Risk & Exposure update for Global,Company newsroom,2026-03-04,64,57
src-01523,req-0032,https://research.example/research/automotive/01523,government,Automotive: Pricing & Demand update for Global,Research publication,2026-03-23,99,72
src-01524,req-0423,https://regulator.example/research/electric-vehicles/01524,news,Electric Vehicles: Investment Trends update for Southeast Asia,Government statistics,2026-07-28,88,69
src-01525,req-0257,https://research.example/research/industrial-automation/01525,research report,Industrial Automation: Pricing & Demand update for Canada,Regulatory authority,2024-03-01,68,94
src-01526,req-0250,https://industry.example/research/semiconductors/01526,company source,Semiconductors: Market Growth update for Japan,Regulatory authority,2025-08-29,98,85
src-01527,req-0219,https://company.example/research/telecom/01527,regulatory,Telecom: Risk & Exposure update for United States,Regulatory authority,2025-09-19,82,97
src-01528,req-0343,https://research.example/research/cloud-computing/01528,news,Cloud Computing: Operational Efficiency update for Middle East,Market data provider,2025-07-19,66,91
src-01529,req-0097,https://industry.example/research/banking/01529,company source,Banking: Value Leakage update for Australia,Industry association,2024-06-10,86,75
src-01530,req-0429,https://gov.example/research/banking/01530,industry source,Banking: Risk & Exposure update for Japan,Company filing,2025-10-18,84,90
src-01531,req-0162,https://research.example/research/automotive/01531,news,Automotive: Value Leakage update for Middle East,Industry association,2025-09-08,77,73
src-01532,req-0193,https://gov.example/research/generative-ai/01532,research report,Generative AI: Product Launches update for Australia,Government statistics,2024-10-21,98,80
src-01533,req-0222,https://industry.example/research/generative-ai/01533,company source,Generative AI: Customer Behavior update for Europe,Market data provider,2024-11-27,64,94
src-01534,req-0470,https://company.example/research/generative-ai/01534,government,Generative AI: Operational Efficiency update for Global,Company filing,2026-04-09,81,97
src-01535,req-0099,https://news.example/research/e-commerce/01535,research report,E-commerce: Operational Efficiency update for Japan,Industry association,2025-02-21,87,60
src-01536,req-0049,https://news.example/research/healthcare-technology/01536,regulatory,Healthcare Technology: Supply Chain update for Japan,Research publication,2025-10-30,89,64
src-01537,req-0067,https://industry.example/research/semiconductors/01537,company source,Semiconductors: Competitor Movement update for Southeast Asia,Investor presentation,2025-11-27,67,68
src-01538,req-0148,https://regulator.example/research/healthcare-technology/01538,company source,Healthcare Technology: Pricing & Demand update for Canada,Investor presentation,2025-02-06,86,78
src-01539,req-0081,https://company.example/research/generative-ai/01539,company source,Generative AI: Investment Trends update for Global,Company filing,2026-06-30,84,86
src-01540,req-0393,https://regulator.example/research/generative-ai/01540,government,Generative AI: Supply Chain update for Europe,Company newsroom,2026-02-18,81,72
src-01541,req-0250,https://regulator.example/research/semiconductors/01541,regulatory,Semiconductors: Supply Chain update for Japan,Regulatory authority,2026-05-31,98,58
src-01542,req-0137,https://industry.example/research/healthcare-technology/01542,research report,Healthcare Technology: Technology Adoption update for Canada,Financial press,2024-12-27,75,60
src-01543,req-0030,https://research.example/research/generative-ai/01543,government,Generative AI: Regulation update for Europe,Company filing,2026-02-22,64,73
src-01544,req-0380,https://research.example/research/cloud-computing/01544,company source,Cloud Computing: Value Leakage update for India,Company filing,2024-02-26,79,60
src-01545,req-0439,https://research.example/research/e-commerce/01545,regulatory,E-commerce: Pricing & Demand update for United States,Market data provider,2024-08-21,83,67
src-01546,req-0155,https://news.example/research/electric-vehicles/01546,news,Electric Vehicles: Customer Behavior update for United States,Industry association,2026-06-27,78,64
src-01547,req-0149,https://news.example/research/renewable-energy/01547,government,Renewable Energy: Risk & Exposure update for United Kingdom,Regulatory authority,2024-03-09,73,68
src-01548,req-0068,https://regulator.example/research/cloud-computing/01548,company source,Cloud Computing: Value Leakage update for Global,Trade publication,2025-01-01,85,56
src-01549,req-0144,https://regulator.example/research/industrial-automation/01549,company source,Industrial Automation: Technology Adoption update for India,Financial press,2025-10-13,83,89
src-01550,req-0326,https://company.example/research/cybersecurity/01550,company source,Cybersecurity: Regulation update for Australia,Company newsroom,2024-01-26,84,91
src-01551,req-0411,https://company.example/research/generative-ai/01551,research report,Generative AI: Market Growth update for Japan,Company newsroom,2024-10-23,76,64
src-01552,req-0447,https://news.example/research/cybersecurity/01552,industry source,Cybersecurity: Risk & Exposure update for Australia,Research publication,2026-04-05,89,93
src-01553,req-0443,https://company.example/research/semiconductors/01553,regulatory,Semiconductors: Competitor Movement update for Canada,Financial press,2026-01-11,62,96
src-01554,req-0405,https://company.example/research/automotive/01554,research report,Automotive: Pricing & Demand update for United States,Financial press,2025-07-10,86,95
src-01555,req-0036,https://gov.example/research/banking/01555,regulatory,Banking: Supply Chain update for Japan,Industry association,2024-03-01,82,55
src-01556,req-0486,https://gov.example/research/banking/01556,regulatory,Banking: Risk & Exposure update for Japan,Industry association,2024-02-05,86,93
src-01557,req-0156,https://industry.example/research/banking/01557,government,Banking: Partnerships update for United States,Research publication,2025-07-10,91,72
src-01558,req-0431,https://news.example/research/cloud-computing/01558,government,Cloud Computing: Operational Efficiency update for Australia,Industry association,2024-05-19,62,97
src-01559,req-0459,https://gov.example/research/industrial-automation/01559,company source,Industrial Automation: Market Size update for United States,Regulatory authority,2024-10-10,98,58
src-01560,req-0256,https://industry.example/research/automotive/01560,research report,Automotive: Product Launches update for Southeast Asia,Company filing,2026-01-07,72,61
src-01561,req-0214,https://research.example/research/logistics/01561,news,Logistics: Product Launches update for Middle East,Financial press,2025-04-01,90,61
src-01562,req-0052,https://industry.example/research/cloud-computing/01562,industry source,Cloud Computing: Risk & Exposure update for United States,Market data provider,2024-11-03,71,73
src-01563,req-0212,https://industry.example/research/banking/01563,government,Banking: Investment Trends update for Japan,Regulatory authority,2026-08-04,93,57
src-01564,req-0042,https://gov.example/research/cybersecurity/01564,research report,Cybersecurity: Pricing & Demand update for Canada,Company filing,2025-03-24,62,94
src-01565,req-0341,https://industry.example/research/telecom/01565,company source,Telecom: Supply Chain update for Japan,Regulatory authority,2024-12-07,90,75
src-01566,req-0235,https://gov.example/research/healthcare-technology/01566,government,Healthcare Technology: Technology Adoption update for Middle East,Investor presentation,2024-06-15,81,95
src-01567,req-0430,https://regulator.example/research/fintech/01567,news,FinTech: Supply Chain update for Japan,Company newsroom,2024-11-19,75,68
src-01568,req-0264,https://company.example/research/cloud-computing/01568,industry source,Cloud Computing: Investment Trends update for United Kingdom,Financial press,2024-07-10,94,94
src-01569,req-0386,https://gov.example/research/generative-ai/01569,company source,Generative AI: Product Launches update for Global,Company filing,2026-02-24,66,98
src-01570,req-0252,https://gov.example/research/healthcare-technology/01570,research report,Healthcare Technology: Market Size update for Europe,Market data provider,2025-06-23,96,94
src-01571,req-0214,https://regulator.example/research/logistics/01571,government,Logistics: Supply Chain update for Middle East,Regulatory authority,2024-04-04,64,89
src-01572,req-0393,https://industry.example/research/generative-ai/01572,regulatory,Generative AI: Risk & Exposure update for Europe,Investor presentation,2024-07-02,69,66
src-01573,req-0387,https://regulator.example/research/telecom/01573,company source,Telecom: Risk & Exposure update for Japan,Trade publication,2024-05-12,63,68
src-01574,req-0196,https://gov.example/research/healthcare-technology/01574,research report,Healthcare Technology: Supply Chain update for Southeast Asia,Trade publication,2025-04-16,77,67
src-01575,req-0355,https://company.example/research/logistics/01575,government,Logistics: Regulation update for Middle East,Trade publication,2024-01-21,87,69
src-01576,req-0304,https://regulator.example/research/fintech/01576,research report,FinTech: Risk & Exposure update for Middle East,Company filing,2024-06-29,64,69
src-01577,req-0192,https://research.example/research/automotive/01577,industry source,Automotive: Value Leakage update for Global,Investor presentation,2025-05-30,97,82
src-01578,req-0457,https://research.example/research/consumer-goods/01578,news,Consumer Goods: Operational Efficiency update for Southeast Asia,Financial press,2025-12-10,72,96
src-01579,req-0336,https://regulator.example/research/generative-ai/01579,research report,Generative AI: Investment Trends update for Global,Regulatory authority,2026-05-24,84,80
src-01580,req-0163,https://news.example/research/cloud-computing/01580,research report,Cloud Computing: Value Leakage update for Middle East,Financial press,2024-09-11,78,94
src-01581,req-0092,https://news.example/research/automotive/01581,industry source,Automotive: Value Leakage update for India,Investor presentation,2024-07-22,85,79
src-01582,req-0062,https://regulator.example/research/healthcare-technology/01582,government,Healthcare Technology: Working Capital update for India,Investor presentation,2025-10-25,73,65
src-01583,req-0331,https://regulator.example/research/industrial-automation/01583,industry source,Industrial Automation: Pricing & Demand update for United Kingdom,Company newsroom,2026-03-26,97,62
src-01584,req-0152,https://regulator.example/research/consumer-goods/01584,company source,Consumer Goods: Pricing & Demand update for India,Market data provider,2025-03-06,79,60
src-01585,req-0109,https://industry.example/research/healthcare-technology/01585,news,Healthcare Technology: Partnerships update for India,Financial press,2024-08-02,87,65
src-01586,req-0424,https://industry.example/research/renewable-energy/01586,research report,Renewable Energy: Risk & Exposure update for United States,Market data provider,2025-09-15,90,90
src-01587,req-0284,https://regulator.example/research/telecom/01587,government,Telecom: Technology Adoption update for United Kingdom,Government statistics,2024-08-01,84,98
src-01588,req-0141,https://regulator.example/research/consumer-goods/01588,industry source,Consumer Goods: Product Launches update for Southeast Asia,Company newsroom,2024-11-03,63,56
src-01589,req-0138,https://industry.example/research/generative-ai/01589,industry source,Generative AI: Risk & Exposure update for Europe,Industry association,2024-04-28,74,65
src-01590,req-0489,https://news.example/research/e-commerce/01590,regulatory,E-commerce: Market Growth update for Global,Company filing,2024-09-03,85,64
src-01591,req-0473,https://regulator.example/research/healthcare-technology/01591,company source,Healthcare Technology: Value Leakage update for Europe,Financial press,2025-02-21,93,87
src-01592,req-0485,https://news.example/research/automotive/01592,research report,Automotive: Value Leakage update for Middle East,Investor presentation,2024-08-04,63,87
src-01593,req-0022,https://company.example/research/fintech/01593,industry source,FinTech: Regulation update for Australia,Research publication,2025-04-08,82,72
src-01594,req-0354,https://regulator.example/research/healthcare-technology/01594,company source,Healthcare Technology: Working Capital update for Europe,Company filing,2026-06-01,63,84
src-01595,req-0270,https://news.example/research/banking/01595,company source,Banking: Customer Behavior update for Southeast Asia,Investor presentation,2026-03-21,93,78
src-01596,req-0150,https://regulator.example/research/logistics/01596,news,Logistics: Operational Efficiency update for Global,Company filing,2025-12-03,94,83
src-01597,req-0222,https://research.example/research/generative-ai/01597,company source,Generative AI: Competitor Movement update for Europe,Market data provider,2026-08-17,86,71
src-01598,req-0102,https://gov.example/research/logistics/01598,government,Logistics: Partnerships update for Europe,Government statistics,2024-01-05,62,61
src-01599,req-0056,https://company.example/research/semiconductors/01599,company source,Semiconductors: Value Leakage update for Southeast Asia,Industry association,2026-06-16,63,72
src-01600,req-0158,https://news.example/research/industrial-automation/01600,government,Industrial Automation: Customer Behavior update for Southeast Asia,Company filing,2025-11-25,75,83
src-01601,req-0034,https://news.example/research/e-commerce/01601,industry source,E-commerce: Product Launches update for United Kingdom,Market data provider,2024-12-14,78,93
src-01602,req-0284,https://regulator.example/research/telecom/01602,industry source,Telecom: Operational Efficiency update for United Kingdom,Research publication,2024-01-21,78,81
src-01603,req-0336,https://company.example/research/generative-ai/01603,research report,Generative AI: Operational Efficiency update for Global,Regulatory authority,2025-09-01,74,85
src-01604,req-0428,https://regulator.example/research/automotive/01604,regulatory,Automotive: Working Capital update for Japan,Company newsroom,2026-01-12,66,86
src-01605,req-0028,https://industry.example/research/automotive/01605,government,Automotive: Investment Trends update for United Kingdom,Financial press,2025-03-15,97,73
src-01606,req-0288,https://regulator.example/research/generative-ai/01606,news,Generative AI: Customer Behavior update for India,Government statistics,2026-08-03,69,76
src-01607,req-0291,https://research.example/research/telecom/01607,research report,Telecom: Working Capital update for Japan,Trade publication,2026-05-22,92,81
src-01608,req-0111,https://research.example/research/generative-ai/01608,research report,Generative AI: Risk & Exposure update for Japan,Company newsroom,2026-01-25,76,59
src-01609,req-0255,https://news.example/research/healthcare-technology/01609,government,Healthcare Technology: Investment Trends update for Middle East,Company newsroom,2025-05-10,74,84
src-01610,req-0096,https://gov.example/research/cybersecurity/01610,regulatory,Cybersecurity: Market Growth update for Middle East,Investor presentation,2026-05-11,62,74
src-01611,req-0257,https://research.example/research/industrial-automation/01611,news,Industrial Automation: Regulation update for Canada,Regulatory authority,2025-10-22,74,80
src-01612,req-0102,https://news.example/research/logistics/01612,research report,Logistics: Investment Trends update for Europe,Market data provider,2026-08-11,90,72
src-01613,req-0284,https://research.example/research/telecom/01613,research report,Telecom: Value Leakage update for United Kingdom,Regulatory authority,2024-01-09,84,82
src-01614,req-0048,https://regulator.example/research/logistics/01614,regulatory,Logistics: Competitor Movement update for Middle East,Government statistics,2025-01-06,81,55
src-01615,req-0065,https://industry.example/research/automotive/01615,research report,Automotive: Pricing & Demand update for Global,Company newsroom,2026-07-24,68,66
src-01616,req-0223,https://industry.example/research/cybersecurity/01616,company source,Cybersecurity: Product Launches update for United Kingdom,Financial press,2024-12-18,87,85
src-01617,req-0188,https://company.example/research/consumer-goods/01617,company source,Consumer Goods: Regulation update for United Kingdom,Financial press,2025-07-25,83,82
src-01618,req-0069,https://company.example/research/cybersecurity/01618,news,Cybersecurity: Risk & Exposure update for Japan,Government statistics,2026-03-01,93,80
src-01619,req-0097,https://industry.example/research/banking/01619,news,Banking: Technology Adoption update for Australia,Regulatory authority,2026-05-15,83,92
src-01620,req-0386,https://company.example/research/generative-ai/01620,research report,Generative AI: Pricing & Demand update for Global,Research publication,2025-05-19,83,92
src-01621,req-0152,https://news.example/research/consumer-goods/01621,news,Consumer Goods: Pricing & Demand update for India,Industry association,2024-02-17,91,91
src-01622,req-0437,https://news.example/research/automotive/01622,company source,Automotive: Risk & Exposure update for Europe,Market data provider,2024-06-08,98,58
src-01623,req-0480,https://gov.example/research/fintech/01623,industry source,FinTech: Value Leakage update for United Kingdom,Industry association,2026-01-28,89,60
src-01624,req-0281,https://regulator.example/research/cybersecurity/01624,government,Cybersecurity: Operational Efficiency update for Middle East,Government statistics,2026-06-02,86,58
src-01625,req-0124,https://regulator.example/research/cloud-computing/01625,industry source,Cloud Computing: Operational Efficiency update for Canada,Investor presentation,2026-07-03,78,67
src-01626,req-0049,https://company.example/research/healthcare-technology/01626,regulatory,Healthcare Technology: Market Growth update for Japan,Market data provider,2026-07-22,95,90
src-01627,req-0402,https://company.example/research/cloud-computing/01627,company source,Cloud Computing: Customer Behavior update for Middle East,Industry association,2024-04-23,93,64
src-01628,req-0481,https://company.example/research/electric-vehicles/01628,research report,Electric Vehicles: Supply Chain update for Canada,Market data provider,2025-05-19,73,95
src-01629,req-0452,https://news.example/research/electric-vehicles/01629,research report,Electric Vehicles: Value Leakage update for India,Trade publication,2026-08-18,78,66
src-01630,req-0449,https://gov.example/research/electric-vehicles/01630,government,Electric Vehicles: Technology Adoption update for Middle East,Research publication,2025-01-24,73,94
src-01631,req-0288,https://news.example/research/generative-ai/01631,government,Generative AI: Customer Behavior update for India,Government statistics,2025-05-09,73,75
src-01632,req-0474,https://industry.example/research/cybersecurity/01632,industry source,Cybersecurity: Operational Efficiency update for Australia,Regulatory authority,2025-02-20,63,94
src-01633,req-0243,https://news.example/research/healthcare-technology/01633,research report,Healthcare Technology: Customer Behavior update for United States,Research publication,2026-04-05,70,57
src-01634,req-0073,https://company.example/research/logistics/01634,research report,Logistics: Risk & Exposure update for Middle East,Financial press,2026-07-13,93,57
src-01635,req-0017,https://company.example/research/logistics/01635,research report,Logistics: Working Capital update for Australia,Regulatory authority,2026-07-02,96,55
src-01636,req-0007,https://gov.example/research/healthcare-technology/01636,research report,Healthcare Technology: Market Growth update for Japan,Research publication,2025-04-02,96,98
src-01637,req-0408,https://news.example/research/consumer-goods/01637,regulatory,Consumer Goods: Risk & Exposure update for Europe,Market data provider,2024-11-04,95,63
src-01638,req-0277,https://gov.example/research/fintech/01638,regulatory,FinTech: Risk & Exposure update for Japan,Financial press,2024-01-06,97,69
src-01639,req-0172,https://gov.example/research/electric-vehicles/01639,company source,Electric Vehicles: Technology Adoption update for United States,Financial press,2024-05-13,81,66
src-01640,req-0280,https://industry.example/research/fintech/01640,government,FinTech: Product Launches update for Middle East,Market data provider,2025-05-03,64,99
src-01641,req-0148,https://news.example/research/healthcare-technology/01641,news,Healthcare Technology: Working Capital update for Canada,Investor presentation,2025-02-23,86,73
src-01642,req-0180,https://regulator.example/research/fintech/01642,regulatory,FinTech: Investment Trends update for Canada,Regulatory authority,2024-02-05,76,98
src-01643,req-0452,https://gov.example/research/electric-vehicles/01643,industry source,Electric Vehicles: Investment Trends update for India,Company newsroom,2026-04-21,62,77
src-01644,req-0136,https://regulator.example/research/automotive/01644,company source,Automotive: Competitor Movement update for Japan,Research publication,2026-05-05,73,60
src-01645,req-0065,https://company.example/research/automotive/01645,company source,Automotive: Supply Chain update for Global,Research publication,2024-10-13,98,67
src-01646,req-0485,https://research.example/research/automotive/01646,government,Automotive: Supply Chain update for Middle East,Company newsroom,2026-03-08,74,55
src-01647,req-0429,https://regulator.example/research/banking/01647,company source,Banking: Customer Behavior update for Japan,Industry association,2026-05-25,98,81
src-01648,req-0029,https://regulator.example/research/banking/01648,regulatory,Banking: Pricing & Demand update for Southeast Asia,Market data provider,2026-07-17,63,81
src-01649,req-0046,https://regulator.example/research/banking/01649,company source,Banking: Customer Behavior update for United Kingdom,Company filing,2025-07-19,73,73
src-01650,req-0057,https://company.example/research/cloud-computing/01650,company source,Cloud Computing: Operational Efficiency update for Southeast Asia,Company newsroom,2024-08-20,76,97
src-01651,req-0446,https://industry.example/research/electric-vehicles/01651,regulatory,Electric Vehicles: Market Size update for Global,Government statistics,2026-03-09,86,97
src-01652,req-0410,https://regulator.example/research/telecom/01652,company source,Telecom: Pricing & Demand update for India,Trade publication,2026-02-18,90,59
src-01653,req-0266,https://company.example/research/logistics/01653,company source,Logistics: Pricing & Demand update for Europe,Regulatory authority,2024-09-04,89,59
src-01654,req-0088,https://research.example/research/cloud-computing/01654,government,Cloud Computing: Pricing & Demand update for Canada,Company filing,2025-07-21,70,97
src-01655,req-0258,https://regulator.example/research/electric-vehicles/01655,government,Electric Vehicles: Operational Efficiency update for Europe,Industry association,2025-11-16,82,81
src-01656,req-0213,https://gov.example/research/logistics/01656,research report,Logistics: Customer Behavior update for Global,Financial press,2025-12-13,70,75
src-01657,req-0482,https://regulator.example/research/consumer-goods/01657,research report,Consumer Goods: Customer Behavior update for India,Government statistics,2025-12-16,81,77
src-01658,req-0238,https://news.example/research/electric-vehicles/01658,government,Electric Vehicles: Partnerships update for Middle East,Investor presentation,2024-12-17,70,77
src-01659,req-0300,https://research.example/research/fintech/01659,news,FinTech: Customer Behavior update for Global,Regulatory authority,2025-06-30,63,82
src-01660,req-0428,https://gov.example/research/automotive/01660,company source,Automotive: Customer Behavior update for Japan,Trade publication,2024-12-04,80,98
src-01661,req-0333,https://regulator.example/research/semiconductors/01661,industry source,Semiconductors: Supply Chain update for Global,Company newsroom,2025-11-17,69,78
src-01662,req-0328,https://regulator.example/research/logistics/01662,industry source,Logistics: Competitor Movement update for India,Research publication,2024-11-13,79,69
src-01663,req-0470,https://company.example/research/generative-ai/01663,news,Generative AI: Working Capital update for Global,Trade publication,2024-10-25,94,73
src-01664,req-0435,https://industry.example/research/semiconductors/01664,research report,Semiconductors: Technology Adoption update for India,Research publication,2026-06-24,80,57
src-01665,req-0234,https://company.example/research/semiconductors/01665,research report,Semiconductors: Competitor Movement update for Canada,Regulatory authority,2026-03-08,63,64
src-01666,req-0423,https://research.example/research/electric-vehicles/01666,company source,Electric Vehicles: Product Launches update for Southeast Asia,Market data provider,2026-02-08,75,92
src-01667,req-0327,https://regulator.example/research/cybersecurity/01667,regulatory,Cybersecurity: Pricing & Demand update for India,Trade publication,2024-01-15,94,73
src-01668,req-0256,https://company.example/research/automotive/01668,research report,Automotive: Operational Efficiency update for Southeast Asia,Financial press,2024-02-23,85,88
src-01669,req-0113,https://gov.example/research/industrial-automation/01669,company source,Industrial Automation: Working Capital update for India,Regulatory authority,2025-11-24,85,70
src-01670,req-0113,https://industry.example/research/industrial-automation/01670,news,Industrial Automation: Investment Trends update for India,Research publication,2026-06-04,81,56
src-01671,req-0038,https://gov.example/research/renewable-energy/01671,industry source,Renewable Energy: Market Size update for Europe,Company filing,2025-06-19,96,81
src-01672,req-0428,https://regulator.example/research/automotive/01672,research report,Automotive: Risk & Exposure update for Japan,Industry association,2025-05-24,69,80
src-01673,req-0029,https://company.example/research/banking/01673,industry source,Banking: Product Launches update for Southeast Asia,Financial press,2024-08-07,79,88
src-01674,req-0141,https://regulator.example/research/consumer-goods/01674,regulatory,Consumer Goods: Operational Efficiency update for Southeast Asia,Research publication,2026-05-27,84,68
src-01675,req-0055,https://news.example/research/cloud-computing/01675,news,Cloud Computing: Supply Chain update for India,Industry association,2024-03-11,69,84
src-01676,req-0299,https://gov.example/research/consumer-goods/01676,company source,Consumer Goods: Regulation update for Middle East,Investor presentation,2026-05-30,98,93
src-01677,req-0463,https://regulator.example/research/automotive/01677,industry source,Automotive: Operational Efficiency update for India,Regulatory authority,2025-11-03,90,82
src-01678,req-0063,https://news.example/research/consumer-goods/01678,industry source,Consumer Goods: Operational Efficiency update for India,Government statistics,2024-01-06,96,71
src-01679,req-0484,https://company.example/research/fintech/01679,news,FinTech: Investment Trends update for Global,Trade publication,2024-03-05,87,58
src-01680,req-0435,https://company.example/research/semiconductors/01680,research report,Semiconductors: Technology Adoption update for India,Research publication,2026-07-23,99,57
src-01681,req-0397,https://industry.example/research/semiconductors/01681,industry source,Semiconductors: Working Capital update for United States,Financial press,2024-05-05,69,98
src-01682,req-0340,https://industry.example/research/consumer-goods/01682,research report,Consumer Goods: Market Size update for Southeast Asia,Market data provider,2025-09-14,68,73
src-01683,req-0284,https://research.example/research/telecom/01683,industry source,Telecom: Market Growth update for United Kingdom,Government statistics,2024-08-28,90,70
src-01684,req-0221,https://news.example/research/telecom/01684,news,Telecom: Partnerships update for United Kingdom,Regulatory authority,2025-01-03,73,57
src-01685,req-0401,https://regulator.example/research/cloud-computing/01685,company source,Cloud Computing: Risk & Exposure update for Australia,Company filing,2024-02-11,99,79
src-01686,req-0253,https://research.example/research/fintech/01686,news,FinTech: Value Leakage update for Southeast Asia,Industry association,2026-01-31,89,87
src-01687,req-0361,https://industry.example/research/consumer-goods/01687,company source,Consumer Goods: Pricing & Demand update for United States,Trade publication,2026-06-02,83,95
src-01688,req-0167,https://research.example/research/e-commerce/01688,government,E-commerce: Technology Adoption update for India,Industry association,2024-10-16,91,80
src-01689,req-0161,https://industry.example/research/cloud-computing/01689,news,Cloud Computing: Operational Efficiency update for United States,Financial press,2025-08-24,99,97
src-01690,req-0001,https://gov.example/research/industrial-automation/01690,company source,Industrial Automation: Product Launches update for Southeast Asia,Government statistics,2025-08-27,71,89
src-01691,req-0275,https://news.example/research/semiconductors/01691,industry source,Semiconductors: Supply Chain update for Middle East,Market data provider,2024-07-05,74,87
src-01692,req-0498,https://gov.example/research/fintech/01692,company source,FinTech: Value Leakage update for Australia,Market data provider,2024-05-14,80,84
src-01693,req-0172,https://industry.example/research/electric-vehicles/01693,government,Electric Vehicles: Market Size update for United States,Trade publication,2024-04-03,94,59
src-01694,req-0326,https://regulator.example/research/cybersecurity/01694,regulatory,Cybersecurity: Pricing & Demand update for Australia,Financial press,2025-12-11,93,92
src-01695,req-0293,https://gov.example/research/e-commerce/01695,government,E-commerce: Product Launches update for Southeast Asia,Trade publication,2026-02-07,91,75
src-01696,req-0384,https://industry.example/research/cybersecurity/01696,industry source,Cybersecurity: Value Leakage update for Canada,Company newsroom,2024-09-01,81,59
src-01697,req-0423,https://regulator.example/research/electric-vehicles/01697,industry source,Electric Vehicles: Value Leakage update for Southeast Asia,Investor presentation,2025-11-23,75,95
src-01698,req-0457,https://news.example/research/consumer-goods/01698,regulatory,Consumer Goods: Investment Trends update for Southeast Asia,Investor presentation,2024-06-12,65,98
src-01699,req-0169,https://regulator.example/research/healthcare-technology/01699,news,Healthcare Technology: Technology Adoption update for Middle East,Regulatory authority,2025-04-29,93,90
src-01700,req-0411,https://industry.example/research/generative-ai/01700,research report,Generative AI: Technology Adoption update for Japan,Company newsroom,2025-05-17,92,80
src-01701,req-0277,https://news.example/research/fintech/01701,regulatory,FinTech: Partnerships update for Japan,Trade publication,2026-07-14,84,87
src-01702,req-0058,https://regulator.example/research/consumer-goods/01702,news,Consumer Goods: Pricing & Demand update for Global,Company newsroom,2024-04-24,74,73
src-01703,req-0256,https://regulator.example/research/automotive/01703,company source,Automotive: Supply Chain update for Southeast Asia,Trade publication,2025-03-08,79,58
src-01704,req-0137,https://research.example/research/healthcare-technology/01704,research report,Healthcare Technology: Value Leakage update for Canada,Company newsroom,2025-08-28,72,73
src-01705,req-0345,https://industry.example/research/semiconductors/01705,research report,Semiconductors: Investment Trends update for United States,Company newsroom,2026-04-04,72,74
src-01706,req-0410,https://company.example/research/telecom/01706,research report,Telecom: Customer Behavior update for India,Financial press,2026-01-16,64,57
src-01707,req-0134,https://news.example/research/cloud-computing/01707,industry source,Cloud Computing: Supply Chain update for Europe,Trade publication,2026-05-17,84,87
src-01708,req-0101,https://industry.example/research/cloud-computing/01708,regulatory,Cloud Computing: Customer Behavior update for India,Market data provider,2026-06-23,89,84
src-01709,req-0056,https://news.example/research/semiconductors/01709,government,Semiconductors: Competitor Movement update for Southeast Asia,Company filing,2025-06-21,83,67
src-01710,req-0449,https://news.example/research/electric-vehicles/01710,regulatory,Electric Vehicles: Technology Adoption update for Middle East,Regulatory authority,2024-01-14,80,64
src-01711,req-0105,https://regulator.example/research/renewable-energy/01711,industry source,Renewable Energy: Regulation update for Japan,Regulatory authority,2025-04-26,86,98
src-01712,req-0424,https://regulator.example/research/renewable-energy/01712,research report,Renewable Energy: Technology Adoption update for United States,Government statistics,2024-10-19,62,65
src-01713,req-0305,https://news.example/research/industrial-automation/01713,research report,Industrial Automation: Regulation update for Canada,Government statistics,2024-03-16,73,75
src-01714,req-0080,https://industry.example/research/logistics/01714,news,Logistics: Customer Behavior update for Europe,Investor presentation,2024-07-12,97,62
src-01715,req-0172,https://regulator.example/research/electric-vehicles/01715,company source,Electric Vehicles: Technology Adoption update for United States,Trade publication,2026-04-25,65,87
src-01716,req-0333,https://regulator.example/research/semiconductors/01716,company source,Semiconductors: Customer Behavior update for Global,Trade publication,2024-01-16,77,76
src-01717,req-0325,https://industry.example/research/cybersecurity/01717,news,Cybersecurity: Operational Efficiency update for India,Investor presentation,2024-10-12,72,63
src-01718,req-0184,https://regulator.example/research/industrial-automation/01718,government,Industrial Automation: Technology Adoption update for Canada,Company filing,2024-03-27,73,61
src-01719,req-0354,https://regulator.example/research/healthcare-technology/01719,regulatory,Healthcare Technology: Working Capital update for Europe,Market data provider,2024-02-27,94,79
src-01720,req-0322,https://regulator.example/research/banking/01720,news,Banking: Value Leakage update for Global,Trade publication,2026-02-20,90,62
src-01721,req-0139,https://news.example/research/electric-vehicles/01721,research report,Electric Vehicles: Competitor Movement update for Global,Trade publication,2024-08-31,91,91
src-01722,req-0458,https://gov.example/research/generative-ai/01722,research report,Generative AI: Regulation update for Middle East,Investor presentation,2025-03-02,83,68
src-01723,req-0084,https://research.example/research/automotive/01723,news,Automotive: Supply Chain update for United Kingdom,Industry association,2025-11-07,85,80
src-01724,req-0315,https://industry.example/research/consumer-goods/01724,government,Consumer Goods: Operational Efficiency update for Middle East,Trade publication,2026-08-11,90,93
src-01725,req-0500,https://research.example/research/telecom/01725,news,Telecom: Operational Efficiency update for United Kingdom,Company newsroom,2026-08-05,94,83
src-01726,req-0077,https://company.example/research/automotive/01726,industry source,Automotive: Regulation update for Southeast Asia,Research publication,2024-02-07,65,55
src-01727,req-0255,https://regulator.example/research/healthcare-technology/01727,government,Healthcare Technology: Pricing & Demand update for Middle East,Industry association,2024-11-14,65,57
src-01728,req-0337,https://company.example/research/generative-ai/01728,industry source,Generative AI: Technology Adoption update for Canada,Regulatory authority,2026-05-20,66,70
src-01729,req-0462,https://news.example/research/cloud-computing/01729,research report,Cloud Computing: Pricing & Demand update for Southeast Asia,Trade publication,2024-09-13,64,85
src-01730,req-0258,https://gov.example/research/electric-vehicles/01730,company source,Electric Vehicles: Market Size update for Europe,Research publication,2024-03-31,66,58
src-01731,req-0176,https://research.example/research/generative-ai/01731,company source,Generative AI: Competitor Movement update for Southeast Asia,Investor presentation,2024-08-20,62,89
src-01732,req-0229,https://company.example/research/banking/01732,government,Banking: Market Size update for Japan,Research publication,2025-11-07,88,91
src-01733,req-0350,https://news.example/research/banking/01733,regulatory,Banking: Partnerships update for Canada,Trade publication,2025-01-28,99,95
src-01734,req-0426,https://news.example/research/fintech/01734,industry source,FinTech: Risk & Exposure update for India,Market data provider,2024-07-06,66,95
src-01735,req-0313,https://news.example/research/consumer-goods/01735,industry source,Consumer Goods: Supply Chain update for United Kingdom,Industry association,2024-12-21,67,84
src-01736,req-0091,https://gov.example/research/generative-ai/01736,research report,Generative AI: Investment Trends update for Japan,Research publication,2025-07-24,78,95
src-01737,req-0266,https://gov.example/research/logistics/01737,news,Logistics: Pricing & Demand update for Europe,Industry association,2024-09-18,75,61
src-01738,req-0043,https://research.example/research/generative-ai/01738,regulatory,Generative AI: Risk & Exposure update for Europe,Industry association,2025-07-04,72,78
src-01739,req-0423,https://gov.example/research/electric-vehicles/01739,research report,Electric Vehicles: Risk & Exposure update for Southeast Asia,Trade publication,2025-08-24,90,59
src-01740,req-0019,https://industry.example/research/automotive/01740,regulatory,Automotive: Market Size update for Japan,Company newsroom,2024-06-14,96,98
src-01741,req-0349,https://news.example/research/electric-vehicles/01741,regulatory,Electric Vehicles: Regulation update for Global,Research publication,2026-04-21,99,65
src-01742,req-0336,https://company.example/research/generative-ai/01742,news,Generative AI: Working Capital update for Global,Government statistics,2024-03-03,78,72
src-01743,req-0146,https://company.example/research/telecom/01743,company source,Telecom: Investment Trends update for United States,Industry association,2026-03-06,98,72
src-01744,req-0348,https://research.example/research/telecom/01744,company source,Telecom: Investment Trends update for Europe,Regulatory authority,2025-01-12,65,93
src-01745,req-0040,https://research.example/research/e-commerce/01745,regulatory,E-commerce: Market Growth update for Japan,Research publication,2025-01-31,81,89
src-01746,req-0383,https://regulator.example/research/consumer-goods/01746,research report,Consumer Goods: Value Leakage update for United Kingdom,Government statistics,2026-03-14,71,70
src-01747,req-0269,https://regulator.example/research/automotive/01747,research report,Automotive: Operational Efficiency update for Southeast Asia,Investor presentation,2024-07-25,95,76
src-01748,req-0030,https://industry.example/research/generative-ai/01748,news,Generative AI: Competitor Movement update for Europe,Financial press,2024-11-24,84,71
src-01749,req-0424,https://research.example/research/renewable-energy/01749,government,Renewable Energy: Working Capital update for United States,Company newsroom,2025-05-30,65,63
src-01750,req-0314,https://research.example/research/e-commerce/01750,regulatory,E-commerce: Partnerships update for Global,Company newsroom,2025-03-04,91,95
src-01751,req-0169,https://regulator.example/research/healthcare-technology/01751,government,Healthcare Technology: Customer Behavior update for Middle East,Research publication,2026-08-10,82,97
src-01752,req-0457,https://research.example/research/consumer-goods/01752,company source,Consumer Goods: Pricing & Demand update for Southeast Asia,Financial press,2026-02-12,82,89
src-01753,req-0356,https://regulator.example/research/cybersecurity/01753,company source,Cybersecurity: Risk & Exposure update for Canada,Company newsroom,2025-02-27,99,58
src-01754,req-0077,https://news.example/research/automotive/01754,regulatory,Automotive: Value Leakage update for Southeast Asia,Financial press,2025-12-07,67,56
src-01755,req-0346,https://news.example/research/semiconductors/01755,news,Semiconductors: Market Growth update for Australia,Company filing,2025-02-05,99,63
src-01756,req-0180,https://gov.example/research/fintech/01756,news,FinTech: Technology Adoption update for Canada,Company newsroom,2024-10-02,99,83
src-01757,req-0356,https://industry.example/research/cybersecurity/01757,industry source,Cybersecurity: Market Size update for Canada,Investor presentation,2025-07-02,67,83
src-01758,req-0108,https://regulator.example/research/banking/01758,research report,Banking: Risk & Exposure update for Japan,Research publication,2024-09-22,72,99
src-01759,req-0105,https://research.example/research/renewable-energy/01759,regulatory,Renewable Energy: Customer Behavior update for Japan,Financial press,2024-03-14,83,96
src-01760,req-0177,https://industry.example/research/e-commerce/01760,industry source,E-commerce: Competitor Movement update for Global,Company filing,2025-08-23,64,74
src-01761,req-0144,https://gov.example/research/industrial-automation/01761,research report,Industrial Automation: Partnerships update for India,Investor presentation,2025-10-29,71,77
src-01762,req-0306,https://news.example/research/consumer-goods/01762,regulatory,Consumer Goods: Pricing & Demand update for Southeast Asia,Research publication,2025-12-25,73,97
src-01763,req-0389,https://news.example/research/semiconductors/01763,research report,Semiconductors: Market Growth update for Southeast Asia,Research publication,2026-01-08,78,75
src-01764,req-0164,https://regulator.example/research/renewable-energy/01764,research report,Renewable Energy: Value Leakage update for United Kingdom,Industry association,2024-10-27,99,78
src-01765,req-0013,https://gov.example/research/cloud-computing/01765,industry source,Cloud Computing: Pricing & Demand update for Global,Government statistics,2024-05-25,99,78
src-01766,req-0143,https://company.example/research/banking/01766,news,Banking: Market Growth update for Global,Investor presentation,2024-07-26,76,66
src-01767,req-0032,https://gov.example/research/automotive/01767,regulatory,Automotive: Technology Adoption update for Global,Company newsroom,2025-12-14,99,68
src-01768,req-0425,https://research.example/research/renewable-energy/01768,research report,Renewable Energy: Competitor Movement update for United Kingdom,Company filing,2025-05-29,75,69
src-01769,req-0416,https://news.example/research/fintech/01769,research report,FinTech: Regulation update for Europe,Trade publication,2026-07-20,66,77
src-01770,req-0369,https://industry.example/research/semiconductors/01770,company source,Semiconductors: Value Leakage update for Southeast Asia,Investor presentation,2024-05-07,91,76
src-01771,req-0081,https://company.example/research/generative-ai/01771,news,Generative AI: Working Capital update for Global,Government statistics,2024-12-13,89,55
src-01772,req-0492,https://research.example/research/electric-vehicles/01772,research report,Electric Vehicles: Regulation update for United States,Regulatory authority,2024-08-01,83,64
src-01773,req-0167,https://company.example/research/e-commerce/01773,news,E-commerce: Technology Adoption update for India,Industry association,2024-03-04,97,62
src-01774,req-0179,https://gov.example/research/cybersecurity/01774,regulatory,Cybersecurity: Market Size update for Global,Company filing,2026-05-17,87,72
src-01775,req-0284,https://industry.example/research/telecom/01775,industry source,Telecom: Risk & Exposure update for United Kingdom,Industry association,2024-02-02,63,84
src-01776,req-0141,https://gov.example/research/consumer-goods/01776,company source,Consumer Goods: Regulation update for Southeast Asia,Financial press,2025-05-09,91,67
src-01777,req-0306,https://gov.example/research/consumer-goods/01777,industry source,Consumer Goods: Product Launches update for Southeast Asia,Company newsroom,2025-06-13,88,77
src-01778,req-0413,https://research.example/research/automotive/01778,government,Automotive: Pricing & Demand update for Australia,Industry association,2026-08-14,92,96
src-01779,req-0427,https://industry.example/research/cloud-computing/01779,regulatory,Cloud Computing: Technology Adoption update for Southeast Asia,Investor presentation,2025-11-21,93,76
src-01780,req-0456,https://gov.example/research/cloud-computing/01780,news,Cloud Computing: Supply Chain update for India,Industry association,2025-04-29,95,97
src-01781,req-0499,https://gov.example/research/automotive/01781,research report,Automotive: Product Launches update for United States,Regulatory authority,2024-01-21,91,88
src-01782,req-0334,https://research.example/research/renewable-energy/01782,government,Renewable Energy: Market Growth update for Middle East,Company newsroom,2025-02-07,66,89
src-01783,req-0489,https://regulator.example/research/e-commerce/01783,company source,E-commerce: Value Leakage update for Global,Company newsroom,2025-12-02,72,99
src-01784,req-0111,https://industry.example/research/generative-ai/01784,news,Generative AI: Market Growth update for Japan,Financial press,2025-07-27,65,67
src-01785,req-0049,https://research.example/research/healthcare-technology/01785,news,Healthcare Technology: Technology Adoption update for Japan,Regulatory authority,2025-10-20,76,86
src-01786,req-0338,https://gov.example/research/e-commerce/01786,industry source,E-commerce: Value Leakage update for Canada,Government statistics,2024-03-04,99,88
src-01787,req-0079,https://news.example/research/cloud-computing/01787,regulatory,Cloud Computing: Pricing & Demand update for United States,Trade publication,2026-07-15,96,73
src-01788,req-0344,https://news.example/research/industrial-automation/01788,industry source,Industrial Automation: Pricing & Demand update for Southeast Asia,Company filing,2025-04-18,82,80
src-01789,req-0086,https://company.example/research/healthcare-technology/01789,news,Healthcare Technology: Market Size update for United Kingdom,Company filing,2026-04-06,74,90
src-01790,req-0376,https://regulator.example/research/fintech/01790,industry source,FinTech: Regulation update for Australia,Company filing,2026-05-06,67,80
src-01791,req-0080,https://regulator.example/research/logistics/01791,industry source,Logistics: Technology Adoption update for Europe,Financial press,2024-11-01,94,96
src-01792,req-0067,https://gov.example/research/semiconductors/01792,regulatory,Semiconductors: Pricing & Demand update for Southeast Asia,Research publication,2024-01-28,80,74
src-01793,req-0315,https://company.example/research/consumer-goods/01793,company source,Consumer Goods: Value Leakage update for Middle East,Research publication,2024-05-25,77,70
src-01794,req-0348,https://company.example/research/telecom/01794,news,Telecom: Competitor Movement update for Europe,Market data provider,2025-12-15,94,81
src-01795,req-0099,https://industry.example/research/e-commerce/01795,industry source,E-commerce: Product Launches update for Japan,Company filing,2026-06-10,95,76
src-01796,req-0457,https://research.example/research/consumer-goods/01796,industry source,Consumer Goods: Customer Behavior update for Southeast Asia,Investor presentation,2026-02-24,97,98
src-01797,req-0469,https://regulator.example/research/automotive/01797,regulatory,Automotive: Operational Efficiency update for Canada,Investor presentation,2024-06-07,82,91
src-01798,req-0420,https://gov.example/research/fintech/01798,company source,FinTech: Operational Efficiency update for Global,Industry association,2025-10-15,79,89
src-01799,req-0313,https://news.example/research/consumer-goods/01799,company source,Consumer Goods: Operational Efficiency update for United Kingdom,Company newsroom,2026-05-04,93,77
src-01800,req-0275,https://news.example/research/semiconductors/01800,research report,Semiconductors: Value Leakage update for Middle East,Financial press,2024-08-25,93,66
src-01801,req-0355,https://gov.example/research/logistics/01801,industry source,Logistics: Pricing & Demand update for Middle East,Regulatory authority,2025-01-25,98,64
src-01802,req-0210,https://gov.example/research/banking/01802,company source,Banking: Risk & Exposure update for Middle East,Market data provider,2026-07-15,94,74
src-01803,req-0468,https://research.example/research/e-commerce/01803,industry source,E-commerce: Partnerships update for Southeast Asia,Investor presentation,2024-02-13,62,88
src-01804,req-0479,https://industry.example/research/healthcare-technology/01804,regulatory,Healthcare Technology: Investment Trends update for United Kingdom,Regulatory authority,2026-03-18,97,55
src-01805,req-0262,https://gov.example/research/fintech/01805,regulatory,FinTech: Working Capital update for United Kingdom,Trade publication,2025-08-23,85,94
src-01806,req-0216,https://regulator.example/research/telecom/01806,government,Telecom: Partnerships update for Global,Market data provider,2024-05-24,87,87
src-01807,req-0314,https://industry.example/research/e-commerce/01807,research report,E-commerce: Supply Chain update for Global,Trade publication,2024-12-30,97,92
src-01808,req-0409,https://regulator.example/research/automotive/01808,government,Automotive: Market Size update for Canada,Government statistics,2024-07-03,62,56
src-01809,req-0367,https://research.example/research/banking/01809,research report,Banking: Working Capital update for United States,Investor presentation,2026-03-28,86,95
src-01810,req-0214,https://company.example/research/logistics/01810,research report,Logistics: Partnerships update for Middle East,Research publication,2024-10-16,84,68
src-01811,req-0389,https://regulator.example/research/semiconductors/01811,industry source,Semiconductors: Market Growth update for Southeast Asia,Market data provider,2026-07-12,97,91
src-01812,req-0263,https://research.example/research/logistics/01812,research report,Logistics: Market Growth update for Europe,Financial press,2025-05-12,75,82
src-01813,req-0193,https://gov.example/research/generative-ai/01813,news,Generative AI: Risk & Exposure update for Australia,Financial press,2025-05-21,79,88
src-01814,req-0053,https://industry.example/research/healthcare-technology/01814,regulatory,Healthcare Technology: Technology Adoption update for India,Research publication,2025-09-04,71,89
src-01815,req-0135,https://gov.example/research/fintech/01815,news,FinTech: Customer Behavior update for United States,Regulatory authority,2025-12-13,67,56
src-01816,req-0370,https://regulator.example/research/telecom/01816,industry source,Telecom: Technology Adoption update for India,Company filing,2025-01-05,88,77
src-01817,req-0493,https://news.example/research/fintech/01817,regulatory,FinTech: Market Growth update for Middle East,Industry association,2026-04-04,64,65
src-01818,req-0377,https://regulator.example/research/e-commerce/01818,industry source,E-commerce: Operational Efficiency update for Canada,Investor presentation,2024-07-08,98,82
src-01819,req-0345,https://gov.example/research/semiconductors/01819,research report,Semiconductors: Supply Chain update for United States,Market data provider,2024-04-19,67,62
src-01820,req-0338,https://news.example/research/e-commerce/01820,government,E-commerce: Product Launches update for Canada,Trade publication,2026-03-11,91,97
src-01821,req-0335,https://gov.example/research/cybersecurity/01821,regulatory,Cybersecurity: Market Growth update for India,Investor presentation,2024-10-18,63,57
src-01822,req-0021,https://gov.example/research/telecom/01822,research report,Telecom: Investment Trends update for Australia,Company newsroom,2025-01-27,85,75
src-01823,req-0461,https://regulator.example/research/fintech/01823,news,FinTech: Operational Efficiency update for Southeast Asia,Company filing,2024-07-26,65,59
src-01824,req-0282,https://gov.example/research/cloud-computing/01824,government,Cloud Computing: Product Launches update for India,Company filing,2026-07-02,70,78
src-01825,req-0052,https://company.example/research/cloud-computing/01825,news,Cloud Computing: Regulation update for United States,Investor presentation,2024-05-01,71,97
src-01826,req-0263,https://industry.example/research/logistics/01826,government,Logistics: Product Launches update for Europe,Government statistics,2024-09-18,85,95
src-01827,req-0391,https://research.example/research/cybersecurity/01827,research report,Cybersecurity: Market Growth update for Japan,Financial press,2026-08-10,67,58
src-01828,req-0003,https://research.example/research/automotive/01828,company source,Automotive: Regulation update for Japan,Industry association,2024-12-05,67,75
src-01829,req-0295,https://regulator.example/research/logistics/01829,news,Logistics: Technology Adoption update for Europe,Research publication,2026-01-03,88,67
src-01830,req-0089,https://regulator.example/research/healthcare-technology/01830,regulatory,Healthcare Technology: Investment Trends update for Global,Trade publication,2025-06-13,99,92
src-01831,req-0224,https://gov.example/research/e-commerce/01831,research report,E-commerce: Value Leakage update for Canada,Government statistics,2024-03-22,79,58
src-01832,req-0217,https://news.example/research/banking/01832,research report,Banking: Operational Efficiency update for Australia,Research publication,2025-05-10,99,82
src-01833,req-0032,https://gov.example/research/automotive/01833,news,Automotive: Pricing & Demand update for Global,Research publication,2026-04-30,92,74
src-01834,req-0171,https://company.example/research/consumer-goods/01834,company source,Consumer Goods: Product Launches update for Southeast Asia,Industry association,2024-06-10,79,70
src-01835,req-0497,https://research.example/research/banking/01835,company source,Banking: Risk & Exposure update for Europe,Trade publication,2025-08-31,69,74
src-01836,req-0123,https://news.example/research/generative-ai/01836,research report,Generative AI: Market Growth update for Japan,Financial press,2026-01-06,62,63
src-01837,req-0358,https://research.example/research/automotive/01837,industry source,Automotive: Investment Trends update for United States,Research publication,2026-04-26,96,82
src-01838,req-0344,https://research.example/research/industrial-automation/01838,regulatory,Industrial Automation: Market Size update for Southeast Asia,Trade publication,2025-12-05,95,71
src-01839,req-0020,https://regulator.example/research/banking/01839,news,Banking: Competitor Movement update for Australia,Investor presentation,2024-10-22,62,79
src-01840,req-0359,https://news.example/research/telecom/01840,research report,Telecom: Value Leakage update for United Kingdom,Industry association,2024-06-04,87,63
src-01841,req-0047,https://company.example/research/banking/01841,company source,Banking: Operational Efficiency update for Southeast Asia,Investor presentation,2025-12-14,67,58
src-01842,req-0228,https://regulator.example/research/semiconductors/01842,company source,Semiconductors: Value Leakage update for India,Market data provider,2025-05-31,72,90
src-01843,req-0033,https://research.example/research/automotive/01843,research report,Automotive: Operational Efficiency update for Australia,Investor presentation,2024-04-02,94,88
src-01844,req-0493,https://news.example/research/fintech/01844,company source,FinTech: Competitor Movement update for Middle East,Government statistics,2024-01-24,80,92
src-01845,req-0060,https://company.example/research/banking/01845,company source,Banking: Operational Efficiency update for United Kingdom,Investor presentation,2024-09-27,98,59
src-01846,req-0294,https://company.example/research/electric-vehicles/01846,regulatory,Electric Vehicles: Investment Trends update for Global,Government statistics,2025-02-10,65,59
src-01847,req-0166,https://industry.example/research/e-commerce/01847,industry source,E-commerce: Regulation update for India,Regulatory authority,2024-06-04,77,86
src-01848,req-0463,https://research.example/research/automotive/01848,regulatory,Automotive: Regulation update for India,Market data provider,2026-02-20,74,55
src-01849,req-0028,https://research.example/research/automotive/01849,research report,Automotive: Market Size update for United Kingdom,Investor presentation,2025-09-13,84,73
src-01850,req-0085,https://research.example/research/industrial-automation/01850,research report,Industrial Automation: Competitor Movement update for India,Company filing,2025-01-03,79,62
src-01851,req-0359,https://gov.example/research/telecom/01851,news,Telecom: Competitor Movement update for United Kingdom,Investor presentation,2024-11-14,76,55
src-01852,req-0109,https://regulator.example/research/healthcare-technology/01852,industry source,Healthcare Technology: Market Size update for India,Market data provider,2026-06-26,69,65
src-01853,req-0243,https://gov.example/research/healthcare-technology/01853,company source,Healthcare Technology: Pricing & Demand update for United States,Government statistics,2026-01-15,72,67
src-01854,req-0423,https://news.example/research/electric-vehicles/01854,company source,Electric Vehicles: Investment Trends update for Southeast Asia,Regulatory authority,2024-10-27,74,68
src-01855,req-0086,https://research.example/research/healthcare-technology/01855,company source,Healthcare Technology: Pricing & Demand update for United Kingdom,Company filing,2025-06-13,91,81
src-01856,req-0395,https://research.example/research/semiconductors/01856,government,Semiconductors: Regulation update for Canada,Trade publication,2025-09-17,90,68
src-01857,req-0467,https://research.example/research/automotive/01857,regulatory,Automotive: Value Leakage update for United States,Financial press,2024-07-18,66,81
src-01858,req-0358,https://research.example/research/automotive/01858,news,Automotive: Operational Efficiency update for United States,Investor presentation,2026-03-02,67,64
src-01859,req-0246,https://news.example/research/automotive/01859,company source,Automotive: Partnerships update for Europe,Research publication,2025-04-07,68,77
src-01860,req-0186,https://research.example/research/automotive/01860,research report,Automotive: Competitor Movement update for India,Trade publication,2025-08-17,70,99
src-01861,req-0188,https://company.example/research/consumer-goods/01861,regulatory,Consumer Goods: Competitor Movement update for United Kingdom,Research publication,2024-12-20,90,64
src-01862,req-0307,https://regulator.example/research/healthcare-technology/01862,company source,Healthcare Technology: Market Size update for Global,Financial press,2024-05-19,94,71
src-01863,req-0218,https://industry.example/research/healthcare-technology/01863,research report,Healthcare Technology: Product Launches update for Global,Regulatory authority,2025-10-19,73,78
src-01864,req-0479,https://news.example/research/healthcare-technology/01864,company source,Healthcare Technology: Pricing & Demand update for United Kingdom,Financial press,2026-06-06,90,72
src-01865,req-0474,https://industry.example/research/cybersecurity/01865,research report,Cybersecurity: Product Launches update for Australia,Trade publication,2024-03-31,96,98
src-01866,req-0123,https://gov.example/research/generative-ai/01866,industry source,Generative AI: Partnerships update for Japan,Market data provider,2026-07-31,76,62
src-01867,req-0172,https://gov.example/research/electric-vehicles/01867,government,Electric Vehicles: Pricing & Demand update for United States,Trade publication,2024-11-04,85,73
src-01868,req-0461,https://industry.example/research/fintech/01868,regulatory,FinTech: Technology Adoption update for Southeast Asia,Company newsroom,2025-12-21,65,55
src-01869,req-0209,https://research.example/research/consumer-goods/01869,government,Consumer Goods: Technology Adoption update for Australia,Industry association,2024-06-13,90,78
src-01870,req-0219,https://industry.example/research/telecom/01870,news,Telecom: Pricing & Demand update for United States,Investor presentation,2024-04-03,79,64
src-01871,req-0300,https://research.example/research/fintech/01871,regulatory,FinTech: Product Launches update for Global,Market data provider,2025-02-03,92,80
src-01872,req-0009,https://gov.example/research/renewable-energy/01872,industry source,Renewable Energy: Market Size update for Global,Regulatory authority,2026-01-17,70,91
src-01873,req-0005,https://research.example/research/industrial-automation/01873,regulatory,Industrial Automation: Market Growth update for Australia,Company newsroom,2024-01-11,63,71
src-01874,req-0209,https://gov.example/research/consumer-goods/01874,news,Consumer Goods: Pricing & Demand update for Australia,Trade publication,2024-02-22,84,83
src-01875,req-0228,https://news.example/research/semiconductors/01875,company source,Semiconductors: Market Growth update for India,Regulatory authority,2025-04-07,65,61
src-01876,req-0416,https://news.example/research/fintech/01876,regulatory,FinTech: Value Leakage update for Europe,Government statistics,2026-02-13,96,86
src-01877,req-0357,https://company.example/research/consumer-goods/01877,industry source,Consumer Goods: Market Size update for Canada,Investor presentation,2025-09-17,92,99
src-01878,req-0025,https://regulator.example/research/semiconductors/01878,news,Semiconductors: Value Leakage update for Australia,Market data provider,2026-02-27,68,57
src-01879,req-0232,https://news.example/research/fintech/01879,regulatory,FinTech: Supply Chain update for India,Company newsroom,2024-08-30,77,80
src-01880,req-0352,https://industry.example/research/logistics/01880,company source,Logistics: Partnerships update for Japan,Regulatory authority,2026-01-31,95,73
src-01881,req-0139,https://industry.example/research/electric-vehicles/01881,regulatory,Electric Vehicles: Market Growth update for Global,Government statistics,2024-08-26,82,78
src-01882,req-0175,https://regulator.example/research/generative-ai/01882,industry source,Generative AI: Customer Behavior update for United Kingdom,Company newsroom,2025-08-24,87,67
src-01883,req-0173,https://news.example/research/consumer-goods/01883,industry source,Consumer Goods: Customer Behavior update for United Kingdom,Research publication,2024-01-05,76,78
src-01884,req-0098,https://regulator.example/research/semiconductors/01884,research report,Semiconductors: Supply Chain update for United Kingdom,Investor presentation,2026-03-06,72,91
src-01885,req-0348,https://gov.example/research/telecom/01885,company source,Telecom: Customer Behavior update for Europe,Research publication,2024-04-22,82,89
src-01886,req-0147,https://research.example/research/cloud-computing/01886,research report,Cloud Computing: Operational Efficiency update for India,Company filing,2025-06-22,86,82
src-01887,req-0320,https://company.example/research/telecom/01887,regulatory,Telecom: Working Capital update for United Kingdom,Investor presentation,2025-04-23,96,97
src-01888,req-0073,https://gov.example/research/logistics/01888,government,Logistics: Regulation update for Middle East,Investor presentation,2025-11-09,90,79
src-01889,req-0372,https://company.example/research/semiconductors/01889,news,Semiconductors: Investment Trends update for Australia,Trade publication,2026-04-14,94,66
src-01890,req-0474,https://research.example/research/cybersecurity/01890,industry source,Cybersecurity: Market Size update for Australia,Company newsroom,2024-04-24,80,82
src-01891,req-0450,https://gov.example/research/industrial-automation/01891,government,Industrial Automation: Technology Adoption update for India,Research publication,2026-01-17,98,83
src-01892,req-0239,https://industry.example/research/e-commerce/01892,regulatory,E-commerce: Market Size update for Global,Research publication,2024-11-04,68,85
src-01893,req-0363,https://news.example/research/automotive/01893,research report,Automotive: Market Growth update for India,Investor presentation,2025-03-06,99,74
src-01894,req-0205,https://industry.example/research/consumer-goods/01894,regulatory,Consumer Goods: Regulation update for Global,Regulatory authority,2025-03-02,77,95
src-01895,req-0151,https://gov.example/research/industrial-automation/01895,news,Industrial Automation: Value Leakage update for Canada,Company filing,2025-07-31,84,84
src-01896,req-0140,https://company.example/research/renewable-energy/01896,research report,Renewable Energy: Product Launches update for Australia,Government statistics,2025-03-08,62,88
src-01897,req-0029,https://industry.example/research/banking/01897,government,Banking: Operational Efficiency update for Southeast Asia,Government statistics,2024-12-25,96,72
src-01898,req-0422,https://news.example/research/banking/01898,news,Banking: Value Leakage update for Japan,Company newsroom,2025-06-29,77,95
src-01899,req-0346,https://gov.example/research/semiconductors/01899,research report,Semiconductors: Risk & Exposure update for Australia,Industry association,2025-11-26,92,61
src-01900,req-0068,https://regulator.example/research/cloud-computing/01900,research report,Cloud Computing: Investment Trends update for Global,Industry association,2025-08-25,96,79
src-01901,req-0161,https://news.example/research/cloud-computing/01901,industry source,Cloud Computing: Regulation update for United States,Company newsroom,2024-10-04,97,87
src-01902,req-0260,https://company.example/research/cloud-computing/01902,industry source,Cloud Computing: Supply Chain update for United States,Government statistics,2026-07-28,81,95
src-01903,req-0493,https://research.example/research/fintech/01903,research report,FinTech: Working Capital update for Middle East,Research publication,2025-09-27,66,68
src-01904,req-0212,https://industry.example/research/banking/01904,industry source,Banking: Market Growth update for Japan,Regulatory authority,2025-10-30,92,95
src-01905,req-0144,https://gov.example/research/industrial-automation/01905,regulatory,Industrial Automation: Product Launches update for India,Regulatory authority,2026-06-28,72,84
src-01906,req-0193,https://regulator.example/research/generative-ai/01906,regulatory,Generative AI: Pricing & Demand update for Australia,Regulatory authority,2025-07-25,93,79
src-01907,req-0433,https://industry.example/research/generative-ai/01907,industry source,Generative AI: Value Leakage update for Southeast Asia,Trade publication,2024-10-22,79,59
src-01908,req-0402,https://company.example/research/cloud-computing/01908,government,Cloud Computing: Supply Chain update for Middle East,Trade publication,2026-02-19,71,74
src-01909,req-0276,https://industry.example/research/e-commerce/01909,news,E-commerce: Product Launches update for Southeast Asia,Market data provider,2025-10-12,77,79
src-01910,req-0493,https://company.example/research/fintech/01910,research report,FinTech: Competitor Movement update for Middle East,Market data provider,2025-10-02,98,86
src-01911,req-0386,https://gov.example/research/generative-ai/01911,company source,Generative AI: Partnerships update for Global,Market data provider,2024-07-24,94,62
src-01912,req-0248,https://news.example/research/logistics/01912,regulatory,Logistics: Product Launches update for Global,Financial press,2024-01-29,98,75
src-01913,req-0201,https://company.example/research/generative-ai/01913,industry source,Generative AI: Customer Behavior update for Australia,Regulatory authority,2024-11-25,88,85
src-01914,req-0444,https://news.example/research/fintech/01914,company source,FinTech: Investment Trends update for Canada,Market data provider,2025-04-16,64,83
src-01915,req-0368,https://news.example/research/renewable-energy/01915,government,Renewable Energy: Supply Chain update for Europe,Financial press,2026-03-08,63,82
src-01916,req-0372,https://regulator.example/research/semiconductors/01916,government,Semiconductors: Value Leakage update for Australia,Government statistics,2026-05-31,90,92
src-01917,req-0107,https://regulator.example/research/cloud-computing/01917,industry source,Cloud Computing: Value Leakage update for Japan,Market data provider,2025-08-25,66,93
src-01918,req-0400,https://research.example/research/industrial-automation/01918,news,Industrial Automation: Regulation update for Australia,Government statistics,2024-12-14,75,72
src-01919,req-0245,https://company.example/research/automotive/01919,research report,Automotive: Working Capital update for Australia,Regulatory authority,2025-11-12,79,89
src-01920,req-0247,https://news.example/research/cloud-computing/01920,research report,Cloud Computing: Value Leakage update for Australia,Regulatory authority,2024-12-24,90,70
src-01921,req-0448,https://company.example/research/fintech/01921,government,FinTech: Risk & Exposure update for Global,Financial press,2025-04-24,74,72
src-01922,req-0039,https://industry.example/research/semiconductors/01922,research report,Semiconductors: Market Growth update for Europe,Company newsroom,2026-01-27,99,62
src-01923,req-0294,https://regulator.example/research/electric-vehicles/01923,industry source,Electric Vehicles: Regulation update for Global,Company filing,2025-05-06,71,65
src-01924,req-0136,https://research.example/research/automotive/01924,research report,Automotive: Operational Efficiency update for Japan,Company filing,2024-02-07,69,59
src-01925,req-0234,https://gov.example/research/semiconductors/01925,research report,Semiconductors: Working Capital update for Canada,Regulatory authority,2026-02-26,82,86
src-01926,req-0286,https://research.example/research/e-commerce/01926,news,E-commerce: Value Leakage update for Europe,Company filing,2024-01-16,78,57
src-01927,req-0452,https://industry.example/research/electric-vehicles/01927,research report,Electric Vehicles: Customer Behavior update for India,Regulatory authority,2025-07-06,91,78
src-01928,req-0084,https://regulator.example/research/automotive/01928,company source,Automotive: Supply Chain update for United Kingdom,Company newsroom,2025-04-07,97,75
src-01929,req-0478,https://gov.example/research/fintech/01929,news,FinTech: Product Launches update for United States,Financial press,2025-12-22,82,61
src-01930,req-0032,https://company.example/research/automotive/01930,regulatory,Automotive: Market Size update for Global,Company filing,2025-09-06,88,55
src-01931,req-0006,https://regulator.example/research/generative-ai/01931,government,Generative AI: Technology Adoption update for Canada,Regulatory authority,2026-07-31,67,94
src-01932,req-0269,https://news.example/research/automotive/01932,company source,Automotive: Competitor Movement update for Southeast Asia,Company filing,2024-10-02,84,67
src-01933,req-0409,https://regulator.example/research/automotive/01933,government,Automotive: Technology Adoption update for Canada,Financial press,2025-10-10,65,68
src-01934,req-0367,https://regulator.example/research/banking/01934,news,Banking: Supply Chain update for United States,Regulatory authority,2026-08-08,98,91
src-01935,req-0283,https://news.example/research/electric-vehicles/01935,company source,Electric Vehicles: Product Launches update for Australia,Market data provider,2024-09-15,84,62
src-01936,req-0060,https://regulator.example/research/banking/01936,research report,Banking: Value Leakage update for United Kingdom,Industry association,2026-07-29,99,86
src-01937,req-0295,https://news.example/research/logistics/01937,company source,Logistics: Product Launches update for Europe,Market data provider,2025-08-11,67,78
src-01938,req-0084,https://gov.example/research/automotive/01938,regulatory,Automotive: Value Leakage update for United Kingdom,Government statistics,2024-12-12,90,98
src-01939,req-0081,https://industry.example/research/generative-ai/01939,company source,Generative AI: Regulation update for Global,Regulatory authority,2025-05-26,79,92
src-01940,req-0311,https://regulator.example/research/telecom/01940,government,Telecom: Risk & Exposure update for Middle East,Company newsroom,2026-08-25,71,67
src-01941,req-0367,https://company.example/research/banking/01941,government,Banking: Product Launches update for United States,Research publication,2024-06-20,81,76
src-01942,req-0120,https://regulator.example/research/e-commerce/01942,research report,E-commerce: Regulation update for Japan,Company filing,2026-07-17,71,81
src-01943,req-0065,https://industry.example/research/automotive/01943,regulatory,Automotive: Value Leakage update for Global,Company newsroom,2024-02-16,79,59
src-01944,req-0022,https://regulator.example/research/fintech/01944,government,FinTech: Working Capital update for Australia,Regulatory authority,2025-07-08,84,94
src-01945,req-0221,https://company.example/research/telecom/01945,company source,Telecom: Value Leakage update for United Kingdom,Financial press,2025-01-20,87,73
src-01946,req-0492,https://news.example/research/electric-vehicles/01946,company source,Electric Vehicles: Value Leakage update for United States,Financial press,2025-10-22,62,83
src-01947,req-0196,https://industry.example/research/healthcare-technology/01947,research report,Healthcare Technology: Operational Efficiency update for Southeast Asia,Company newsroom,2025-11-19,76,65
src-01948,req-0317,https://company.example/research/generative-ai/01948,research report,Generative AI: Risk & Exposure update for Japan,Trade publication,2024-01-17,86,94
src-01949,req-0421,https://company.example/research/consumer-goods/01949,company source,Consumer Goods: Technology Adoption update for Japan,Government statistics,2024-10-13,81,81
src-01950,req-0236,https://industry.example/research/cloud-computing/01950,news,Cloud Computing: Regulation update for Japan,Financial press,2026-03-11,75,84
src-01951,req-0058,https://regulator.example/research/consumer-goods/01951,research report,Consumer Goods: Value Leakage update for Global,Financial press,2025-02-21,83,57
src-01952,req-0456,https://industry.example/research/cloud-computing/01952,news,Cloud Computing: Supply Chain update for India,Investor presentation,2025-10-25,72,83
src-01953,req-0281,https://research.example/research/cybersecurity/01953,government,Cybersecurity: Risk & Exposure update for Middle East,Trade publication,2025-02-14,66,71
src-01954,req-0466,https://regulator.example/research/cloud-computing/01954,news,Cloud Computing: Risk & Exposure update for Canada,Company filing,2024-07-26,77,82
src-01955,req-0233,https://industry.example/research/cloud-computing/01955,research report,Cloud Computing: Regulation update for Europe,Company filing,2026-04-13,68,72
src-01956,req-0045,https://gov.example/research/generative-ai/01956,news,Generative AI: Risk & Exposure update for United States,Company newsroom,2025-12-09,69,85
src-01957,req-0307,https://company.example/research/healthcare-technology/01957,government,Healthcare Technology: Competitor Movement update for Global,Government statistics,2026-06-15,99,86
src-01958,req-0244,https://news.example/research/cloud-computing/01958,regulatory,Cloud Computing: Market Size update for Southeast Asia,Industry association,2025-08-01,91,60
src-01959,req-0485,https://research.example/research/automotive/01959,research report,Automotive: Working Capital update for Middle East,Government statistics,2024-10-06,67,97
src-01960,req-0230,https://company.example/research/electric-vehicles/01960,research report,Electric Vehicles: Customer Behavior update for United States,Financial press,2024-10-03,95,67
src-01961,req-0371,https://research.example/research/healthcare-technology/01961,news,Healthcare Technology: Investment Trends update for United Kingdom,Industry association,2024-07-07,73,84
src-01962,req-0050,https://company.example/research/automotive/01962,government,Automotive: Customer Behavior update for United Kingdom,Company newsroom,2025-09-19,65,88
src-01963,req-0246,https://gov.example/research/automotive/01963,regulatory,Automotive: Competitor Movement update for Europe,Financial press,2025-11-26,88,79
src-01964,req-0410,https://gov.example/research/telecom/01964,government,Telecom: Competitor Movement update for India,Regulatory authority,2024-09-18,77,63
src-01965,req-0300,https://company.example/research/fintech/01965,regulatory,FinTech: Customer Behavior update for Global,Financial press,2024-07-15,67,73
src-01966,req-0106,https://regulator.example/research/renewable-energy/01966,regulatory,Renewable Energy: Customer Behavior update for United Kingdom,Trade publication,2025-09-13,99,94
src-01967,req-0084,https://industry.example/research/automotive/01967,research report,Automotive: Product Launches update for United Kingdom,Government statistics,2026-05-01,89,67
src-01968,req-0351,https://research.example/research/industrial-automation/01968,industry source,Industrial Automation: Investment Trends update for United States,Financial press,2024-02-23,66,67
src-01969,req-0098,https://news.example/research/semiconductors/01969,regulatory,Semiconductors: Technology Adoption update for United Kingdom,Industry association,2024-08-02,70,88
src-01970,req-0446,https://company.example/research/electric-vehicles/01970,government,Electric Vehicles: Product Launches update for Global,Company filing,2024-04-21,96,74
src-01971,req-0389,https://research.example/research/semiconductors/01971,regulatory,Semiconductors: Market Growth update for Southeast Asia,Financial press,2026-02-05,82,97
src-01972,req-0455,https://industry.example/research/telecom/01972,industry source,Telecom: Technology Adoption update for Global,Government statistics,2025-06-14,95,85
src-01973,req-0077,https://news.example/research/automotive/01973,news,Automotive: Partnerships update for Southeast Asia,Industry association,2024-04-10,75,99
src-01974,req-0432,https://regulator.example/research/fintech/01974,news,FinTech: Operational Efficiency update for Europe,Industry association,2026-07-21,85,83
src-01975,req-0003,https://regulator.example/research/automotive/01975,research report,Automotive: Working Capital update for Japan,Government statistics,2024-01-23,95,80
src-01976,req-0204,https://research.example/research/renewable-energy/01976,company source,Renewable Energy: Customer Behavior update for Global,Market data provider,2025-12-16,65,87
src-01977,req-0483,https://research.example/research/automotive/01977,industry source,Automotive: Risk & Exposure update for Southeast Asia,Regulatory authority,2024-07-26,77,85
src-01978,req-0174,https://regulator.example/research/healthcare-technology/01978,research report,Healthcare Technology: Market Growth update for India,Industry association,2025-03-10,95,90
src-01979,req-0426,https://gov.example/research/fintech/01979,research report,FinTech: Supply Chain update for India,Industry association,2026-01-28,75,82
src-01980,req-0149,https://gov.example/research/renewable-energy/01980,company source,Renewable Energy: Customer Behavior update for United Kingdom,Company filing,2025-07-18,96,97
src-01981,req-0341,https://regulator.example/research/telecom/01981,research report,Telecom: Customer Behavior update for Japan,Research publication,2024-07-18,80,63
src-01982,req-0201,https://news.example/research/generative-ai/01982,industry source,Generative AI: Market Size update for Australia,Trade publication,2026-02-22,70,71
src-01983,req-0458,https://company.example/research/generative-ai/01983,research report,Generative AI: Working Capital update for Middle East,Financial press,2026-07-10,76,72
src-01984,req-0278,https://industry.example/research/automotive/01984,news,Automotive: Technology Adoption update for Canada,Trade publication,2026-07-07,91,76
src-01985,req-0246,https://news.example/research/automotive/01985,regulatory,Automotive: Market Size update for Europe,Trade publication,2026-06-14,77,92
src-01986,req-0334,https://industry.example/research/renewable-energy/01986,government,Renewable Energy: Competitor Movement update for Middle East,Government statistics,2025-02-23,77,66
src-01987,req-0206,https://news.example/research/cybersecurity/01987,company source,Cybersecurity: Investment Trends update for Japan,Financial press,2024-12-08,89,85
src-01988,req-0035,https://gov.example/research/logistics/01988,government,Logistics: Operational Efficiency update for Europe,Industry association,2025-02-24,79,60
src-01989,req-0411,https://regulator.example/research/generative-ai/01989,government,Generative AI: Market Growth update for Japan,Regulatory authority,2024-11-14,69,71
src-01990,req-0313,https://news.example/research/consumer-goods/01990,research report,Consumer Goods: Operational Efficiency update for United Kingdom,Financial press,2026-05-03,96,60
src-01991,req-0500,https://news.example/research/telecom/01991,industry source,Telecom: Risk & Exposure update for United Kingdom,Research publication,2024-01-23,63,76
src-01992,req-0067,https://gov.example/research/semiconductors/01992,news,Semiconductors: Competitor Movement update for Southeast Asia,Investor presentation,2025-09-14,79,89
src-01993,req-0112,https://gov.example/research/electric-vehicles/01993,industry source,Electric Vehicles: Risk & Exposure update for Australia,Investor presentation,2024-11-18,74,63
src-01994,req-0432,https://company.example/research/fintech/01994,news,FinTech: Investment Trends update for Europe,Financial press,2024-02-11,99,88
src-01995,req-0115,https://industry.example/research/generative-ai/01995,news,Generative AI: Investment Trends update for United States,Market data provider,2026-06-18,71,60
src-01996,req-0090,https://gov.example/research/renewable-energy/01996,industry source,Renewable Energy: Investment Trends update for United States,Industry association,2026-08-22,72,66
src-01997,req-0054,https://gov.example/research/banking/01997,research report,Banking: Operational Efficiency update for United States,Industry association,2025-05-02,91,57
src-01998,req-0211,https://industry.example/research/renewable-energy/01998,company source,Renewable Energy: Technology Adoption update for Europe,Company newsroom,2025-06-01,74,58
src-01999,req-0328,https://research.example/research/logistics/01999,news,Logistics: Partnerships update for India,Investor presentation,2024-07-12,76,80
src-02000,req-0478,https://regulator.example/research/fintech/02000,industry source,FinTech: Competitor Movement update for United States,Government statistics,2025-01-08,76,72
